[
    {
        "certain": false,
        "date": "2017/11/05",
        "price": 62083,
        "onsell": 46,
        "total": 337,
        "state": "預定"
    },
    {
        "certain": false,
        "date": "2017/08/26",
        "price": 909,
        "onsell": 87,
        "total": 497,
        "state": "報名"
    },
    {
        "certain": false,
        "date": "2017/12/13",
        "price": 16362,
        "onsell": 80,
        "total": 168,
        "state": "額滿"
    },
    {
        "certain": true,
        "date": "2017/10/15",
        "price": 39710,
        "onsell": 47,
        "total": 430,
        "state": "後補"
    },
    {
        "certain": true,
        "date": "2018/07/16",
        "price": 24807,
        "onsell": 94,
        "total": 26,
        "state": "額滿"
    },
    {
        "certain": false,
        "date": "2018/07/24",
        "price": 21558,
        "onsell": 100,
        "total": 393,
        "state": "截止"
    },
    {
        "certain": false,
        "date": "2018/06/09",
        "price": 53892,
        "onsell": 3,
        "total": 411,
        "state": "截止"
    },
    {
        "certain": true,
        "date": "2018/12/22",
        "price": 17939,
        "onsell": 73,
        "total": 128,
        "state": "額滿"
    },
    {
        "certain": true,
        "date": "2017/04/14",
        "price": 30480,
        "onsell": 42,
        "total": 77,
        "state": "預定"
    },
    {
        "certain": false,
        "date": "2016/11/30",
        "price": 78042,
        "onsell": 58,
        "total": 498,
        "state": "預定"
    },
    {
        "certain": false,
        "date": "2018/12/29",
        "price": 21202,
        "onsell": 11,
        "total": 275,
        "state": "預定"
    },
    {
        "certain": false,
        "date": "2018/07/24",
        "price": 71899,
        "onsell": 68,
        "total": 409,
        "state": "報名"
    },
    {
        "certain": true,
        "date": "2018/09/14",
        "price": 26268,
        "onsell": 70,
        "total": 427,
        "state": "截止"
    },
    {
        "certain": true,
        "date": "2018/12/22",
        "price": 78309,
        "onsell": 1,
        "total": 40,
        "state": "報名"
    },
    {
        "certain": false,
        "date": "2018/08/22",
        "price": 94315,
        "onsell": 55,
        "total": 10,
        "state": "額滿"
    },
    {
        "certain": true,
        "date": "2018/02/23",
        "price": 60916,
        "onsell": 10,
        "total": 395,
        "state": "預定"
    },
    {
        "certain": false,
        "date": "2017/11/12",
        "price": 54041,
        "onsell": 56,
        "total": 40,
        "state": "預定"
    },
    {
        "certain": true,
        "date": "2018/01/18",
        "price": 27564,
        "onsell": 28,
        "total": 55,
        "state": "額滿"
    },
    {
        "certain": true,
        "date": "2017/02/04",
        "price": 63379,
        "onsell": 52,
        "total": 307,
        "state": "截止"
    },
    {
        "certain": false,
        "date": "2018/04/29",
        "price": 42837,
        "onsell": 91,
        "total": 130,
        "state": "後補"
    },
    {
        "certain": true,
        "date": "2017/03/01",
        "price": 69872,
        "onsell": 46,
        "total": 279,
        "state": "預定"
    },
    {
        "certain": false,
        "date": "2018/07/19",
        "price": 97648,
        "onsell": 62,
        "total": 270,
        "state": "額滿"
    },
    {
        "certain": true,
        "date": "2018/05/29",
        "price": 5451,
        "onsell": 54,
        "total": 426,
        "state": "截止"
    },
    {
        "certain": false,
        "date": "2017/12/25",
        "price": 89739,
        "onsell": 43,
        "total": 249,
        "state": "後補"
    },
    {
        "certain": false,
        "date": "2017/07/13",
        "price": 84801,
        "onsell": 25,
        "total": 18,
        "state": "額滿"
    },
    {
        "certain": true,
        "date": "2017/10/06",
        "price": 33678,
        "onsell": 64,
        "total": 53,
        "state": "截止"
    },
    {
        "certain": false,
        "date": "2018/11/19",
        "price": 67926,
        "onsell": 91,
        "total": 477,
        "state": "預定"
    },
    {
        "certain": true,
        "date": "2018/12/14",
        "price": 3356,
        "onsell": 29,
        "total": 264,
        "state": "截止"
    },
    {
        "certain": false,
        "date": "2018/05/20",
        "price": 978,
        "onsell": 65,
        "total": 445,
        "state": "後補"
    },
    {
        "certain": false,
        "date": "2018/10/19",
        "price": 21076,
        "onsell": 87,
        "total": 254,
        "state": "截止"
    },
    {
        "certain": false,
        "date": "2017/09/19",
        "price": 36643,
        "onsell": 22,
        "total": 214,
        "state": "額滿"
    },
    {
        "certain": true,
        "date": "2018/07/16",
        "price": 27116,
        "onsell": 45,
        "total": 422,
        "state": "截止"
    },
    {
        "certain": false,
        "date": "2018/10/20",
        "price": 72170,
        "onsell": 43,
        "total": 2,
        "state": "截止"
    },
    {
        "certain": true,
        "date": "2018/12/23",
        "price": 89221,
        "onsell": 66,
        "total": 417,
        "state": "預定"
    },
    {
        "certain": true,
        "date": "2018/01/28",
        "price": 19447,
        "onsell": 35,
        "total": 348,
        "state": "截止"
    },
    {
        "certain": false,
        "date": "2017/09/09",
        "price": 43788,
        "onsell": 47,
        "total": 8,
        "state": "報名"
    },
    {
        "certain": false,
        "date": "2018/11/29",
        "price": 44021,
        "onsell": 76,
        "total": 224,
        "state": "後補"
    },
    {
        "certain": false,
        "date": "2018/03/06",
        "price": 37453,
        "onsell": 44,
        "total": 452,
        "state": "預定"
    },
    {
        "certain": true,
        "date": "2017/04/16",
        "price": 63521,
        "onsell": 88,
        "total": 223,
        "state": "截止"
    },
    {
        "certain": true,
        "date": "2018/06/11",
        "price": 68633,
        "onsell": 47,
        "total": 345,
        "state": "額滿"
    },
    {
        "certain": true,
        "date": "2017/10/01",
        "price": 15298,
        "onsell": 89,
        "total": 286,
        "state": "報名"
    },
    {
        "certain": false,
        "date": "2018/12/08",
        "price": 6037,
        "onsell": 98,
        "total": 109,
        "state": "額滿"
    },
    {
        "certain": true,
        "date": "2018/01/10",
        "price": 78165,
        "onsell": 62,
        "total": 253,
        "state": "預定"
    },
    {
        "certain": false,
        "date": "2018/01/16",
        "price": 73392,
        "onsell": 90,
        "total": 27,
        "state": "後補"
    },
    {
        "certain": false,
        "date": "2017/08/16",
        "price": 32732,
        "onsell": 78,
        "total": 402,
        "state": "截止"
    },
    {
        "certain": true,
        "date": "2018/10/13",
        "price": 1060,
        "onsell": 88,
        "total": 403,
        "state": "截止"
    },
    {
        "certain": false,
        "date": "2017/05/20",
        "price": 98002,
        "onsell": 11,
        "total": 278,
        "state": "預定"
    },
    {
        "certain": false,
        "date": "2016/12/22",
        "price": 63254,
        "onsell": 17,
        "total": 377,
        "state": "後補"
    },
    {
        "certain": false,
        "date": "2017/10/06",
        "price": 94507,
        "onsell": 79,
        "total": 300,
        "state": "預定"
    },
    {
        "certain": false,
        "date": "2017/04/18",
        "price": 47867,
        "onsell": 31,
        "total": 58,
        "state": "額滿"
    },
    {
        "certain": false,
        "date": "2018/11/13",
        "price": 14279,
        "onsell": 27,
        "total": 177,
        "state": "後補"
    },
    {
        "certain": false,
        "date": "2018/08/01",
        "price": 89391,
        "onsell": 5,
        "total": 211,
        "state": "後補"
    },
    {
        "certain": false,
        "date": "2018/01/01",
        "price": 76364,
        "onsell": 26,
        "total": 279,
        "state": "額滿"
    },
    {
        "certain": true,
        "date": "2017/08/25",
        "price": 10483,
        "onsell": 27,
        "total": 88,
        "state": "後補"
    },
    {
        "certain": true,
        "date": "2017/05/20",
        "price": 11163,
        "onsell": 22,
        "total": 178,
        "state": "預定"
    },
    {
        "certain": true,
        "date": "2018/05/09",
        "price": 57703,
        "onsell": 98,
        "total": 225,
        "state": "額滿"
    },
    {
        "certain": false,
        "date": "2018/07/26",
        "price": 30248,
        "onsell": 19,
        "total": 40,
        "state": "報名"
    },
    {
        "certain": false,
        "date": "2018/03/19",
        "price": 64551,
        "onsell": 99,
        "total": 281,
        "state": "預定"
    },
    {
        "certain": false,
        "date": "2018/05/04",
        "price": 28196,
        "onsell": 15,
        "total": 170,
        "state": "截止"
    },
    {
        "certain": true,
        "date": "2017/07/15",
        "price": 81386,
        "onsell": 86,
        "total": 198,
        "state": "預定"
    },
    {
        "certain": true,
        "date": "2016/12/27",
        "price": 46452,
        "onsell": 86,
        "total": 499,
        "state": "報名"
    },
    {
        "certain": false,
        "date": "2018/12/23",
        "price": 53162,
        "onsell": 19,
        "total": 198,
        "state": "截止"
    },
    {
        "certain": true,
        "date": "2018/12/18",
        "price": 63934,
        "onsell": 93,
        "total": 62,
        "state": "截止"
    },
    {
        "certain": true,
        "date": "2018/12/28",
        "price": 58102,
        "onsell": 24,
        "total": 228,
        "state": "額滿"
    },
    {
        "certain": false,
        "date": "2018/12/19",
        "price": 35418,
        "onsell": 95,
        "total": 499,
        "state": "報名"
    },
    {
        "certain": true,
        "date": "2018/02/09",
        "price": 71135,
        "onsell": 17,
        "total": 435,
        "state": "額滿"
    },
    {
        "certain": true,
        "date": "2017/04/21",
        "price": 45624,
        "onsell": 72,
        "total": 140,
        "state": "額滿"
    },
    {
        "certain": true,
        "date": "2018/04/20",
        "price": 48523,
        "onsell": 12,
        "total": 9,
        "state": "後補"
    },
    {
        "certain": false,
        "date": "2017/02/17",
        "price": 48885,
        "onsell": 42,
        "total": 68,
        "state": "報名"
    },
    {
        "certain": false,
        "date": "2018/06/07",
        "price": 71369,
        "onsell": 11,
        "total": 132,
        "state": "截止"
    },
    {
        "certain": false,
        "date": "2018/02/04",
        "price": 15735,
        "onsell": 73,
        "total": 323,
        "state": "截止"
    },
    {
        "certain": false,
        "date": "2017/03/02",
        "price": 62943,
        "onsell": 63,
        "total": 377,
        "state": "截止"
    },
    {
        "certain": true,
        "date": "2018/05/26",
        "price": 56102,
        "onsell": 44,
        "total": 221,
        "state": "額滿"
    },
    {
        "certain": true,
        "date": "2018/09/11",
        "price": 5409,
        "onsell": 24,
        "total": 162,
        "state": "截止"
    },
    {
        "certain": true,
        "date": "2018/07/26",
        "price": 49843,
        "onsell": 58,
        "total": 488,
        "state": "截止"
    },
    {
        "certain": false,
        "date": "2018/01/08",
        "price": 77839,
        "onsell": 6,
        "total": 364,
        "state": "截止"
    },
    {
        "certain": false,
        "date": "2017/10/30",
        "price": 27596,
        "onsell": 76,
        "total": 63,
        "state": "截止"
    },
    {
        "certain": true,
        "date": "2018/09/28",
        "price": 68643,
        "onsell": 15,
        "total": 135,
        "state": "預定"
    },
    {
        "certain": true,
        "date": "2018/02/01",
        "price": 42552,
        "onsell": 4,
        "total": 339,
        "state": "報名"
    },
    {
        "certain": false,
        "date": "2018/12/18",
        "price": 7572,
        "onsell": 42,
        "total": 280,
        "state": "報名"
    },
    {
        "certain": true,
        "date": "2017/08/04",
        "price": 59096,
        "onsell": 39,
        "total": 343,
        "state": "報名"
    },
    {
        "certain": true,
        "date": "2017/07/09",
        "price": 35193,
        "onsell": 85,
        "total": 333,
        "state": "預定"
    },
    {
        "certain": false,
        "date": "2017/01/01",
        "price": 76764,
        "onsell": 70,
        "total": 453,
        "state": "額滿"
    },
    {
        "certain": true,
        "date": "2018/11/21",
        "price": 19079,
        "onsell": 0,
        "total": 420,
        "state": "截止"
    },
    {
        "certain": true,
        "date": "2017/10/04",
        "price": 8762,
        "onsell": 55,
        "total": 25,
        "state": "後補"
    },
    {
        "certain": false,
        "date": "2018/02/14",
        "price": 12822,
        "onsell": 30,
        "total": 491,
        "state": "報名"
    },
    {
        "certain": true,
        "date": "2018/11/15",
        "price": 74097,
        "onsell": 34,
        "total": 232,
        "state": "預定"
    },
    {
        "certain": false,
        "date": "2017/02/01",
        "price": 16947,
        "onsell": 43,
        "total": 352,
        "state": "額滿"
    },
    {
        "certain": true,
        "date": "2018/05/31",
        "price": 84956,
        "onsell": 30,
        "total": 247,
        "state": "截止"
    },
    {
        "certain": true,
        "date": "2017/05/09",
        "price": 1385,
        "onsell": 81,
        "total": 384,
        "state": "後補"
    },
    {
        "certain": true,
        "date": "2018/03/15",
        "price": 49590,
        "onsell": 39,
        "total": 356,
        "state": "報名"
    },
    {
        "certain": true,
        "date": "2016/12/27",
        "price": 15143,
        "onsell": 20,
        "total": 214,
        "state": "報名"
    },
    {
        "certain": true,
        "date": "2017/11/28",
        "price": 27238,
        "onsell": 44,
        "total": 54,
        "state": "截止"
    },
    {
        "certain": true,
        "date": "2017/05/05",
        "price": 8575,
        "onsell": 70,
        "total": 74,
        "state": "預定"
    },
    {
        "certain": false,
        "date": "2018/03/28",
        "price": 13239,
        "onsell": 59,
        "total": 348,
        "state": "預定"
    },
    {
        "certain": true,
        "date": "2017/10/04",
        "price": 3902,
        "onsell": 39,
        "total": 65,
        "state": "預定"
    },
    {
        "certain": false,
        "date": "2017/03/03",
        "price": 19848,
        "onsell": 91,
        "total": 116,
        "state": "後補"
    },
    {
        "certain": true,
        "date": "2018/09/18",
        "price": 2737,
        "onsell": 85,
        "total": 400,
        "state": "預定"
    },
    {
        "certain": false,
        "date": "2018/06/22",
        "price": 14714,
        "onsell": 51,
        "total": 403,
        "state": "預定"
    },
    {
        "certain": false,
        "date": "2018/10/17",
        "price": 82556,
        "onsell": 28,
        "total": 195,
        "state": "額滿"
    },
    {
        "certain": true,
        "date": "2017/02/16",
        "price": 1099,
        "onsell": 31,
        "total": 191,
        "state": "額滿"
    },
    {
        "certain": false,
        "date": "2018/10/25",
        "price": 95900,
        "onsell": 52,
        "total": 396,
        "state": "報名"
    },
    {
        "certain": true,
        "date": "2018/06/05",
        "price": 42403,
        "onsell": 2,
        "total": 210,
        "state": "截止"
    },
    {
        "certain": false,
        "date": "2017/06/04",
        "price": 51693,
        "onsell": 62,
        "total": 402,
        "state": "額滿"
    },
    {
        "certain": false,
        "date": "2017/12/27",
        "price": 23080,
        "onsell": 81,
        "total": 273,
        "state": "後補"
    },
    {
        "certain": false,
        "date": "2016/11/27",
        "price": 57304,
        "onsell": 68,
        "total": 14,
        "state": "截止"
    },
    {
        "certain": false,
        "date": "2018/09/21",
        "price": 37385,
        "onsell": 81,
        "total": 208,
        "state": "後補"
    },
    {
        "certain": true,
        "date": "2018/11/09",
        "price": 65672,
        "onsell": 100,
        "total": 204,
        "state": "額滿"
    },
    {
        "certain": true,
        "date": "2017/07/07",
        "price": 82112,
        "onsell": 20,
        "total": 4,
        "state": "預定"
    },
    {
        "certain": true,
        "date": "2018/07/20",
        "price": 72077,
        "onsell": 67,
        "total": 289,
        "state": "報名"
    },
    {
        "certain": false,
        "date": "2018/04/03",
        "price": 19069,
        "onsell": 79,
        "total": 78,
        "state": "截止"
    },
    {
        "certain": true,
        "date": "2018/10/03",
        "price": 26811,
        "onsell": 50,
        "total": 265,
        "state": "額滿"
    },
    {
        "certain": false,
        "date": "2018/04/29",
        "price": 17248,
        "onsell": 64,
        "total": 218,
        "state": "截止"
    },
    {
        "certain": false,
        "date": "2018/04/17",
        "price": 42386,
        "onsell": 57,
        "total": 400,
        "state": "額滿"
    },
    {
        "certain": true,
        "date": "2017/01/19",
        "price": 10632,
        "onsell": 51,
        "total": 497,
        "state": "額滿"
    },
    {
        "certain": true,
        "date": "2018/01/10",
        "price": 14288,
        "onsell": 4,
        "total": 443,
        "state": "報名"
    },
    {
        "certain": false,
        "date": "2017/11/25",
        "price": 13137,
        "onsell": 76,
        "total": 165,
        "state": "額滿"
    },
    {
        "certain": false,
        "date": "2016/12/29",
        "price": 60582,
        "onsell": 14,
        "total": 393,
        "state": "報名"
    },
    {
        "certain": false,
        "date": "2017/08/30",
        "price": 67230,
        "onsell": 52,
        "total": 59,
        "state": "截止"
    },
    {
        "certain": false,
        "date": "2017/11/29",
        "price": 13611,
        "onsell": 13,
        "total": 197,
        "state": "後補"
    },
    {
        "certain": true,
        "date": "2017/03/20",
        "price": 71735,
        "onsell": 70,
        "total": 445,
        "state": "額滿"
    },
    {
        "certain": false,
        "date": "2018/03/15",
        "price": 84666,
        "onsell": 12,
        "total": 95,
        "state": "後補"
    },
    {
        "certain": false,
        "date": "2018/01/11",
        "price": 56312,
        "onsell": 71,
        "total": 202,
        "state": "額滿"
    },
    {
        "certain": true,
        "date": "2018/06/30",
        "price": 17895,
        "onsell": 50,
        "total": 220,
        "state": "報名"
    },
    {
        "certain": false,
        "date": "2017/12/14",
        "price": 71214,
        "onsell": 15,
        "total": 325,
        "state": "預定"
    },
    {
        "certain": false,
        "date": "2018/08/26",
        "price": 80389,
        "onsell": 27,
        "total": 24,
        "state": "額滿"
    },
    {
        "certain": true,
        "date": "2017/12/16",
        "price": 1171,
        "onsell": 70,
        "total": 258,
        "state": "截止"
    },
    {
        "certain": true,
        "date": "2017/07/06",
        "price": 86161,
        "onsell": 91,
        "total": 386,
        "state": "後補"
    },
    {
        "certain": true,
        "date": "2017/12/27",
        "price": 37839,
        "onsell": 78,
        "total": 2,
        "state": "報名"
    },
    {
        "certain": true,
        "date": "2017/05/24",
        "price": 12489,
        "onsell": 34,
        "total": 214,
        "state": "額滿"
    },
    {
        "certain": true,
        "date": "2017/05/25",
        "price": 77131,
        "onsell": 3,
        "total": 125,
        "state": "截止"
    },
    {
        "certain": true,
        "date": "2018/12/15",
        "price": 34588,
        "onsell": 1,
        "total": 258,
        "state": "報名"
    },
    {
        "certain": false,
        "date": "2018/01/14",
        "price": 82408,
        "onsell": 63,
        "total": 317,
        "state": "後補"
    },
    {
        "certain": true,
        "date": "2018/02/23",
        "price": 74948,
        "onsell": 1,
        "total": 460,
        "state": "預定"
    },
    {
        "certain": false,
        "date": "2018/08/03",
        "price": 1761,
        "onsell": 84,
        "total": 26,
        "state": "預定"
    },
    {
        "certain": false,
        "date": "2017/09/30",
        "price": 70083,
        "onsell": 88,
        "total": 456,
        "state": "額滿"
    },
    {
        "certain": false,
        "date": "2018/05/13",
        "price": 57715,
        "onsell": 58,
        "total": 454,
        "state": "預定"
    },
    {
        "certain": true,
        "date": "2017/08/29",
        "price": 63582,
        "onsell": 85,
        "total": 292,
        "state": "額滿"
    },
    {
        "certain": true,
        "date": "2018/01/13",
        "price": 27529,
        "onsell": 34,
        "total": 249,
        "state": "額滿"
    },
    {
        "certain": true,
        "date": "2017/03/24",
        "price": 73207,
        "onsell": 31,
        "total": 485,
        "state": "後補"
    },
    {
        "certain": true,
        "date": "2018/02/09",
        "price": 1101,
        "onsell": 82,
        "total": 225,
        "state": "截止"
    },
    {
        "certain": true,
        "date": "2018/09/08",
        "price": 59173,
        "onsell": 21,
        "total": 363,
        "state": "報名"
    },
    {
        "certain": false,
        "date": "2018/03/26",
        "price": 73719,
        "onsell": 65,
        "total": 338,
        "state": "截止"
    },
    {
        "certain": false,
        "date": "2016/11/16",
        "price": 57360,
        "onsell": 36,
        "total": 315,
        "state": "額滿"
    },
    {
        "certain": true,
        "date": "2018/01/04",
        "price": 5154,
        "onsell": 55,
        "total": 165,
        "state": "預定"
    },
    {
        "certain": true,
        "date": "2018/12/18",
        "price": 59570,
        "onsell": 81,
        "total": 198,
        "state": "截止"
    },
    {
        "certain": false,
        "date": "2018/06/23",
        "price": 99421,
        "onsell": 6,
        "total": 149,
        "state": "報名"
    },
    {
        "certain": true,
        "date": "2017/08/07",
        "price": 21730,
        "onsell": 74,
        "total": 248,
        "state": "報名"
    },
    {
        "certain": true,
        "date": "2018/12/04",
        "price": 55153,
        "onsell": 45,
        "total": 19,
        "state": "預定"
    },
    {
        "certain": false,
        "date": "2018/06/15",
        "price": 70382,
        "onsell": 6,
        "total": 332,
        "state": "預定"
    },
    {
        "certain": false,
        "date": "2018/06/02",
        "price": 61584,
        "onsell": 71,
        "total": 86,
        "state": "截止"
    },
    {
        "certain": true,
        "date": "2018/06/20",
        "price": 55636,
        "onsell": 18,
        "total": 75,
        "state": "預定"
    },
    {
        "certain": true,
        "date": "2018/06/08",
        "price": 23523,
        "onsell": 70,
        "total": 280,
        "state": "額滿"
    },
    {
        "certain": true,
        "date": "2018/01/13",
        "price": 68060,
        "onsell": 40,
        "total": 468,
        "state": "後補"
    },
    {
        "certain": false,
        "date": "2018/04/24",
        "price": 3691,
        "onsell": 79,
        "total": 173,
        "state": "報名"
    },
    {
        "certain": false,
        "date": "2017/06/02",
        "price": 19355,
        "onsell": 82,
        "total": 260,
        "state": "預定"
    },
    {
        "certain": true,
        "date": "2018/12/15",
        "price": 56997,
        "onsell": 71,
        "total": 363,
        "state": "報名"
    },
    {
        "certain": false,
        "date": "2018/07/05",
        "price": 33027,
        "onsell": 0,
        "total": 460,
        "state": "額滿"
    },
    {
        "certain": true,
        "date": "2018/08/29",
        "price": 36901,
        "onsell": 71,
        "total": 336,
        "state": "額滿"
    },
    {
        "certain": true,
        "date": "2017/02/12",
        "price": 41016,
        "onsell": 33,
        "total": 431,
        "state": "報名"
    },
    {
        "certain": false,
        "date": "2017/08/01",
        "price": 52325,
        "onsell": 66,
        "total": 456,
        "state": "後補"
    },
    {
        "certain": false,
        "date": "2017/09/02",
        "price": 10657,
        "onsell": 15,
        "total": 429,
        "state": "預定"
    },
    {
        "certain": false,
        "date": "2017/08/07",
        "price": 88552,
        "onsell": 93,
        "total": 389,
        "state": "報名"
    },
    {
        "certain": false,
        "date": "2018/05/01",
        "price": 19630,
        "onsell": 32,
        "total": 276,
        "state": "截止"
    },
    {
        "certain": false,
        "date": "2018/10/11",
        "price": 68499,
        "onsell": 88,
        "total": 350,
        "state": "預定"
    },
    {
        "certain": false,
        "date": "2017/03/15",
        "price": 14148,
        "onsell": 6,
        "total": 13,
        "state": "截止"
    },
    {
        "certain": false,
        "date": "2017/01/22",
        "price": 67875,
        "onsell": 60,
        "total": 188,
        "state": "報名"
    },
    {
        "certain": true,
        "date": "2018/12/07",
        "price": 28086,
        "onsell": 7,
        "total": 229,
        "state": "截止"
    },
    {
        "certain": true,
        "date": "2017/08/19",
        "price": 33671,
        "onsell": 2,
        "total": 468,
        "state": "額滿"
    },
    {
        "certain": false,
        "date": "2017/01/07",
        "price": 28574,
        "onsell": 84,
        "total": 227,
        "state": "預定"
    },
    {
        "certain": false,
        "date": "2017/04/17",
        "price": 84775,
        "onsell": 45,
        "total": 301,
        "state": "後補"
    },
    {
        "certain": true,
        "date": "2018/11/14",
        "price": 75856,
        "onsell": 33,
        "total": 434,
        "state": "後補"
    },
    {
        "certain": false,
        "date": "2017/05/21",
        "price": 6132,
        "onsell": 96,
        "total": 34,
        "state": "後補"
    },
    {
        "certain": false,
        "date": "2018/01/08",
        "price": 73250,
        "onsell": 23,
        "total": 355,
        "state": "截止"
    },
    {
        "certain": true,
        "date": "2017/10/20",
        "price": 26989,
        "onsell": 12,
        "total": 266,
        "state": "報名"
    },
    {
        "certain": true,
        "date": "2018/06/10",
        "price": 52539,
        "onsell": 89,
        "total": 113,
        "state": "額滿"
    },
    {
        "certain": false,
        "date": "2018/05/04",
        "price": 26877,
        "onsell": 59,
        "total": 166,
        "state": "預定"
    },
    {
        "certain": true,
        "date": "2018/04/24",
        "price": 55464,
        "onsell": 15,
        "total": 58,
        "state": "後補"
    },
    {
        "certain": false,
        "date": "2018/04/01",
        "price": 68057,
        "onsell": 91,
        "total": 120,
        "state": "報名"
    },
    {
        "certain": true,
        "date": "2018/08/30",
        "price": 33447,
        "onsell": 72,
        "total": 264,
        "state": "截止"
    },
    {
        "certain": false,
        "date": "2017/01/26",
        "price": 98859,
        "onsell": 83,
        "total": 222,
        "state": "報名"
    },
    {
        "certain": false,
        "date": "2018/10/24",
        "price": 84618,
        "onsell": 20,
        "total": 450,
        "state": "報名"
    },
    {
        "certain": false,
        "date": "2017/08/06",
        "price": 66248,
        "onsell": 34,
        "total": 284,
        "state": "預定"
    },
    {
        "certain": false,
        "date": "2018/11/17",
        "price": 18958,
        "onsell": 76,
        "total": 198,
        "state": "後補"
    },
    {
        "certain": false,
        "date": "2017/02/25",
        "price": 6470,
        "onsell": 49,
        "total": 43,
        "state": "後補"
    },
    {
        "certain": true,
        "date": "2018/09/02",
        "price": 38930,
        "onsell": 1,
        "total": 110,
        "state": "預定"
    },
    {
        "certain": true,
        "date": "2018/08/24",
        "price": 45932,
        "onsell": 73,
        "total": 333,
        "state": "預定"
    },
    {
        "certain": false,
        "date": "2018/03/05",
        "price": 85184,
        "onsell": 36,
        "total": 123,
        "state": "額滿"
    },
    {
        "certain": true,
        "date": "2018/05/09",
        "price": 38702,
        "onsell": 54,
        "total": 446,
        "state": "後補"
    },
    {
        "certain": true,
        "date": "2017/06/11",
        "price": 82845,
        "onsell": 24,
        "total": 139,
        "state": "後補"
    },
    {
        "certain": true,
        "date": "2017/01/28",
        "price": 26494,
        "onsell": 58,
        "total": 414,
        "state": "額滿"
    },
    {
        "certain": false,
        "date": "2018/10/06",
        "price": 37379,
        "onsell": 28,
        "total": 21,
        "state": "預定"
    },
    {
        "certain": true,
        "date": "2016/11/22",
        "price": 73290,
        "onsell": 45,
        "total": 338,
        "state": "預定"
    },
    {
        "certain": true,
        "date": "2017/11/27",
        "price": 54344,
        "onsell": 34,
        "total": 472,
        "state": "額滿"
    },
    {
        "certain": true,
        "date": "2018/04/04",
        "price": 77486,
        "onsell": 35,
        "total": 45,
        "state": "額滿"
    },
    {
        "certain": true,
        "date": "2017/04/12",
        "price": 99056,
        "onsell": 52,
        "total": 283,
        "state": "截止"
    },
    {
        "certain": true,
        "date": "2018/05/10",
        "price": 78714,
        "onsell": 53,
        "total": 2,
        "state": "報名"
    },
    {
        "certain": true,
        "date": "2018/08/21",
        "price": 54762,
        "onsell": 89,
        "total": 392,
        "state": "後補"
    },
    {
        "certain": false,
        "date": "2018/11/13",
        "price": 98426,
        "onsell": 33,
        "total": 17,
        "state": "後補"
    },
    {
        "certain": false,
        "date": "2017/11/30",
        "price": 91099,
        "onsell": 11,
        "total": 75,
        "state": "截止"
    },
    {
        "certain": true,
        "date": "2018/03/17",
        "price": 92023,
        "onsell": 94,
        "total": 358,
        "state": "額滿"
    },
    {
        "certain": false,
        "date": "2018/12/17",
        "price": 11231,
        "onsell": 52,
        "total": 57,
        "state": "報名"
    },
    {
        "certain": false,
        "date": "2017/11/05",
        "price": 78488,
        "onsell": 40,
        "total": 334,
        "state": "額滿"
    },
    {
        "certain": true,
        "date": "2018/01/02",
        "price": 78005,
        "onsell": 94,
        "total": 158,
        "state": "截止"
    },
    {
        "certain": false,
        "date": "2017/12/11",
        "price": 55423,
        "onsell": 100,
        "total": 389,
        "state": "後補"
    },
    {
        "certain": true,
        "date": "2018/09/10",
        "price": 29724,
        "onsell": 21,
        "total": 117,
        "state": "截止"
    },
    {
        "certain": false,
        "date": "2017/11/04",
        "price": 9965,
        "onsell": 13,
        "total": 210,
        "state": "額滿"
    },
    {
        "certain": true,
        "date": "2018/02/01",
        "price": 75004,
        "onsell": 72,
        "total": 380,
        "state": "預定"
    },
    {
        "certain": true,
        "date": "2018/11/01",
        "price": 98239,
        "onsell": 95,
        "total": 76,
        "state": "預定"
    },
    {
        "certain": true,
        "date": "2016/11/21",
        "price": 11599,
        "onsell": 65,
        "total": 58,
        "state": "後補"
    },
    {
        "certain": false,
        "date": "2017/01/22",
        "price": 10946,
        "onsell": 77,
        "total": 52,
        "state": "報名"
    },
    {
        "certain": true,
        "date": "2017/11/22",
        "price": 76408,
        "onsell": 29,
        "total": 274,
        "state": "預定"
    },
    {
        "certain": true,
        "date": "2016/12/08",
        "price": 45421,
        "onsell": 24,
        "total": 65,
        "state": "截止"
    },
    {
        "certain": false,
        "date": "2017/07/06",
        "price": 26774,
        "onsell": 40,
        "total": 182,
        "state": "報名"
    },
    {
        "certain": false,
        "date": "2018/01/23",
        "price": 43610,
        "onsell": 2,
        "total": 58,
        "state": "預定"
    },
    {
        "certain": true,
        "date": "2018/01/05",
        "price": 58401,
        "onsell": 70,
        "total": 17,
        "state": "額滿"
    },
    {
        "certain": false,
        "date": "2018/01/29",
        "price": 73482,
        "onsell": 34,
        "total": 451,
        "state": "後補"
    },
    {
        "certain": true,
        "date": "2018/02/12",
        "price": 37331,
        "onsell": 68,
        "total": 150,
        "state": "報名"
    },
    {
        "certain": true,
        "date": "2018/11/18",
        "price": 72958,
        "onsell": 95,
        "total": 247,
        "state": "預定"
    },
    {
        "certain": true,
        "date": "2018/09/27",
        "price": 37320,
        "onsell": 40,
        "total": 299,
        "state": "預定"
    },
    {
        "certain": false,
        "date": "2017/07/06",
        "price": 75021,
        "onsell": 61,
        "total": 140,
        "state": "報名"
    },
    {
        "certain": true,
        "date": "2018/11/14",
        "price": 1343,
        "onsell": 27,
        "total": 346,
        "state": "截止"
    },
    {
        "certain": true,
        "date": "2018/04/24",
        "price": 49758,
        "onsell": 74,
        "total": 213,
        "state": "額滿"
    },
    {
        "certain": false,
        "date": "2017/07/12",
        "price": 14582,
        "onsell": 1,
        "total": 108,
        "state": "截止"
    },
    {
        "certain": true,
        "date": "2017/06/17",
        "price": 27513,
        "onsell": 55,
        "total": 250,
        "state": "預定"
    },
    {
        "certain": false,
        "date": "2018/06/28",
        "price": 21491,
        "onsell": 95,
        "total": 4,
        "state": "預定"
    },
    {
        "certain": false,
        "date": "2017/09/24",
        "price": 44035,
        "onsell": 36,
        "total": 91,
        "state": "截止"
    },
    {
        "certain": false,
        "date": "2018/05/14",
        "price": 60169,
        "onsell": 77,
        "total": 91,
        "state": "截止"
    },
    {
        "certain": true,
        "date": "2018/09/23",
        "price": 11897,
        "onsell": 13,
        "total": 117,
        "state": "預定"
    },
    {
        "certain": false,
        "date": "2016/11/17",
        "price": 42618,
        "onsell": 59,
        "total": 352,
        "state": "後補"
    },
    {
        "certain": true,
        "date": "2018/03/03",
        "price": 34184,
        "onsell": 87,
        "total": 94,
        "state": "額滿"
    },
    {
        "certain": true,
        "date": "2018/10/13",
        "price": 1585,
        "onsell": 10,
        "total": 241,
        "state": "截止"
    },
    {
        "certain": false,
        "date": "2017/11/09",
        "price": 90121,
        "onsell": 63,
        "total": 187,
        "state": "額滿"
    },
    {
        "certain": true,
        "date": "2016/12/28",
        "price": 89575,
        "onsell": 96,
        "total": 377,
        "state": "報名"
    },
    {
        "certain": false,
        "date": "2018/11/10",
        "price": 36171,
        "onsell": 14,
        "total": 128,
        "state": "截止"
    },
    {
        "certain": false,
        "date": "2017/07/26",
        "price": 26779,
        "onsell": 5,
        "total": 370,
        "state": "後補"
    },
    {
        "certain": false,
        "date": "2018/06/27",
        "price": 74000,
        "onsell": 35,
        "total": 271,
        "state": "額滿"
    },
    {
        "certain": true,
        "date": "2018/05/24",
        "price": 44457,
        "onsell": 48,
        "total": 60,
        "state": "截止"
    },
    {
        "certain": true,
        "date": "2018/04/12",
        "price": 5116,
        "onsell": 96,
        "total": 123,
        "state": "預定"
    },
    {
        "certain": false,
        "date": "2017/07/20",
        "price": 908,
        "onsell": 43,
        "total": 285,
        "state": "後補"
    },
    {
        "certain": false,
        "date": "2017/11/13",
        "price": 31933,
        "onsell": 82,
        "total": 40,
        "state": "額滿"
    },
    {
        "certain": true,
        "date": "2018/01/12",
        "price": 18551,
        "onsell": 33,
        "total": 18,
        "state": "後補"
    },
    {
        "certain": false,
        "date": "2018/06/14",
        "price": 54435,
        "onsell": 12,
        "total": 117,
        "state": "報名"
    },
    {
        "certain": false,
        "date": "2018/04/12",
        "price": 18798,
        "onsell": 87,
        "total": 258,
        "state": "後補"
    },
    {
        "certain": false,
        "date": "2018/02/27",
        "price": 27628,
        "onsell": 93,
        "total": 73,
        "state": "預定"
    },
    {
        "certain": true,
        "date": "2018/12/23",
        "price": 32209,
        "onsell": 49,
        "total": 332,
        "state": "後補"
    },
    {
        "certain": false,
        "date": "2018/11/24",
        "price": 80116,
        "onsell": 16,
        "total": 384,
        "state": "報名"
    },
    {
        "certain": true,
        "date": "2016/12/05",
        "price": 74222,
        "onsell": 1,
        "total": 186,
        "state": "後補"
    },
    {
        "certain": false,
        "date": "2018/09/01",
        "price": 19455,
        "onsell": 44,
        "total": 354,
        "state": "報名"
    },
    {
        "certain": false,
        "date": "2017/09/03",
        "price": 42928,
        "onsell": 94,
        "total": 25,
        "state": "截止"
    },
    {
        "certain": true,
        "date": "2018/09/09",
        "price": 13892,
        "onsell": 41,
        "total": 286,
        "state": "後補"
    },
    {
        "certain": false,
        "date": "2018/07/29",
        "price": 93538,
        "onsell": 17,
        "total": 238,
        "state": "報名"
    },
    {
        "certain": false,
        "date": "2017/10/20",
        "price": 29108,
        "onsell": 22,
        "total": 186,
        "state": "後補"
    },
    {
        "certain": false,
        "date": "2017/07/26",
        "price": 26261,
        "onsell": 86,
        "total": 230,
        "state": "報名"
    },
    {
        "certain": true,
        "date": "2018/06/10",
        "price": 80895,
        "onsell": 66,
        "total": 399,
        "state": "預定"
    },
    {
        "certain": true,
        "date": "2017/04/19",
        "price": 1932,
        "onsell": 92,
        "total": 374,
        "state": "截止"
    },
    {
        "certain": true,
        "date": "2017/09/06",
        "price": 52194,
        "onsell": 38,
        "total": 44,
        "state": "截止"
    },
    {
        "certain": false,
        "date": "2017/09/18",
        "price": 70838,
        "onsell": 62,
        "total": 418,
        "state": "後補"
    },
    {
        "certain": false,
        "date": "2018/06/10",
        "price": 46440,
        "onsell": 0,
        "total": 480,
        "state": "後補"
    },
    {
        "certain": false,
        "date": "2018/01/02",
        "price": 51433,
        "onsell": 90,
        "total": 251,
        "state": "後補"
    },
    {
        "certain": true,
        "date": "2017/12/22",
        "price": 48474,
        "onsell": 37,
        "total": 185,
        "state": "截止"
    },
    {
        "certain": true,
        "date": "2018/09/15",
        "price": 24713,
        "onsell": 6,
        "total": 426,
        "state": "截止"
    },
    {
        "certain": false,
        "date": "2017/05/26",
        "price": 21304,
        "onsell": 43,
        "total": 139,
        "state": "報名"
    },
    {
        "certain": false,
        "date": "2017/11/10",
        "price": 78900,
        "onsell": 77,
        "total": 341,
        "state": "報名"
    },
    {
        "certain": false,
        "date": "2017/03/24",
        "price": 81636,
        "onsell": 89,
        "total": 57,
        "state": "截止"
    },
    {
        "certain": false,
        "date": "2018/10/09",
        "price": 37490,
        "onsell": 45,
        "total": 203,
        "state": "額滿"
    },
    {
        "certain": true,
        "date": "2018/07/08",
        "price": 34664,
        "onsell": 19,
        "total": 216,
        "state": "額滿"
    },
    {
        "certain": false,
        "date": "2018/07/31",
        "price": 64065,
        "onsell": 73,
        "total": 0,
        "state": "預定"
    },
    {
        "certain": true,
        "date": "2017/01/16",
        "price": 48203,
        "onsell": 18,
        "total": 394,
        "state": "額滿"
    },
    {
        "certain": true,
        "date": "2018/08/14",
        "price": 62301,
        "onsell": 57,
        "total": 439,
        "state": "報名"
    },
    {
        "certain": true,
        "date": "2017/10/09",
        "price": 26669,
        "onsell": 50,
        "total": 43,
        "state": "額滿"
    },
    {
        "certain": false,
        "date": "2017/07/18",
        "price": 16519,
        "onsell": 33,
        "total": 253,
        "state": "報名"
    },
    {
        "certain": true,
        "date": "2018/04/08",
        "price": 14127,
        "onsell": 77,
        "total": 273,
        "state": "報名"
    },
    {
        "certain": true,
        "date": "2018/07/20",
        "price": 3767,
        "onsell": 6,
        "total": 338,
        "state": "額滿"
    },
    {
        "certain": true,
        "date": "2018/11/16",
        "price": 86131,
        "onsell": 35,
        "total": 395,
        "state": "截止"
    },
    {
        "certain": true,
        "date": "2018/03/31",
        "price": 17536,
        "onsell": 58,
        "total": 348,
        "state": "額滿"
    },
    {
        "certain": true,
        "date": "2017/09/14",
        "price": 45925,
        "onsell": 60,
        "total": 326,
        "state": "報名"
    },
    {
        "certain": true,
        "date": "2018/07/21",
        "price": 62694,
        "onsell": 82,
        "total": 375,
        "state": "額滿"
    },
    {
        "certain": true,
        "date": "2018/11/15",
        "price": 46264,
        "onsell": 84,
        "total": 477,
        "state": "預定"
    },
    {
        "certain": false,
        "date": "2018/11/13",
        "price": 75272,
        "onsell": 84,
        "total": 467,
        "state": "額滿"
    },
    {
        "certain": false,
        "date": "2018/04/06",
        "price": 91467,
        "onsell": 49,
        "total": 377,
        "state": "報名"
    },
    {
        "certain": false,
        "date": "2018/04/01",
        "price": 5321,
        "onsell": 89,
        "total": 370,
        "state": "後補"
    },
    {
        "certain": false,
        "date": "2018/05/05",
        "price": 6843,
        "onsell": 9,
        "total": 462,
        "state": "截止"
    },
    {
        "certain": false,
        "date": "2018/12/16",
        "price": 75315,
        "onsell": 92,
        "total": 42,
        "state": "預定"
    },
    {
        "certain": false,
        "date": "2018/04/06",
        "price": 20535,
        "onsell": 47,
        "total": 356,
        "state": "後補"
    },
    {
        "certain": false,
        "date": "2018/03/23",
        "price": 37902,
        "onsell": 93,
        "total": 158,
        "state": "後補"
    },
    {
        "certain": true,
        "date": "2018/05/02",
        "price": 25505,
        "onsell": 21,
        "total": 322,
        "state": "報名"
    },
    {
        "certain": true,
        "date": "2018/06/17",
        "price": 11626,
        "onsell": 71,
        "total": 165,
        "state": "報名"
    },
    {
        "certain": false,
        "date": "2018/05/25",
        "price": 80892,
        "onsell": 15,
        "total": 100,
        "state": "預定"
    },
    {
        "certain": false,
        "date": "2017/12/09",
        "price": 17133,
        "onsell": 38,
        "total": 499,
        "state": "後補"
    },
    {
        "certain": true,
        "date": "2017/06/30",
        "price": 82558,
        "onsell": 68,
        "total": 413,
        "state": "額滿"
    },
    {
        "certain": true,
        "date": "2017/04/20",
        "price": 55542,
        "onsell": 41,
        "total": 23,
        "state": "後補"
    },
    {
        "certain": false,
        "date": "2017/09/11",
        "price": 33826,
        "onsell": 83,
        "total": 496,
        "state": "後補"
    },
    {
        "certain": true,
        "date": "2018/01/22",
        "price": 55565,
        "onsell": 1,
        "total": 348,
        "state": "截止"
    },
    {
        "certain": true,
        "date": "2017/07/26",
        "price": 90683,
        "onsell": 5,
        "total": 75,
        "state": "報名"
    },
    {
        "certain": false,
        "date": "2018/12/23",
        "price": 4313,
        "onsell": 52,
        "total": 169,
        "state": "報名"
    },
    {
        "certain": false,
        "date": "2018/09/08",
        "price": 44147,
        "onsell": 15,
        "total": 195,
        "state": "截止"
    },
    {
        "certain": false,
        "date": "2017/01/26",
        "price": 7144,
        "onsell": 30,
        "total": 425,
        "state": "額滿"
    },
    {
        "certain": true,
        "date": "2016/11/27",
        "price": 59613,
        "onsell": 40,
        "total": 430,
        "state": "預定"
    },
    {
        "certain": false,
        "date": "2017/07/17",
        "price": 3952,
        "onsell": 96,
        "total": 140,
        "state": "截止"
    },
    {
        "certain": false,
        "date": "2018/06/13",
        "price": 12852,
        "onsell": 80,
        "total": 29,
        "state": "後補"
    },
    {
        "certain": false,
        "date": "2017/12/05",
        "price": 27611,
        "onsell": 51,
        "total": 29,
        "state": "報名"
    },
    {
        "certain": true,
        "date": "2018/03/06",
        "price": 75825,
        "onsell": 95,
        "total": 164,
        "state": "預定"
    },
    {
        "certain": true,
        "date": "2018/09/03",
        "price": 27098,
        "onsell": 9,
        "total": 461,
        "state": "後補"
    },
    {
        "certain": false,
        "date": "2017/11/18",
        "price": 66939,
        "onsell": 85,
        "total": 326,
        "state": "報名"
    },
    {
        "certain": true,
        "date": "2016/12/01",
        "price": 34391,
        "onsell": 32,
        "total": 257,
        "state": "後補"
    },
    {
        "certain": true,
        "date": "2017/02/27",
        "price": 55568,
        "onsell": 14,
        "total": 406,
        "state": "後補"
    },
    {
        "certain": false,
        "date": "2018/04/05",
        "price": 8816,
        "onsell": 7,
        "total": 287,
        "state": "預定"
    },
    {
        "certain": false,
        "date": "2018/03/08",
        "price": 17727,
        "onsell": 67,
        "total": 199,
        "state": "截止"
    },
    {
        "certain": true,
        "date": "2018/09/10",
        "price": 21385,
        "onsell": 67,
        "total": 278,
        "state": "額滿"
    },
    {
        "certain": true,
        "date": "2017/08/25",
        "price": 50827,
        "onsell": 81,
        "total": 185,
        "state": "截止"
    },
    {
        "certain": false,
        "date": "2018/05/16",
        "price": 73988,
        "onsell": 37,
        "total": 132,
        "state": "預定"
    },
    {
        "certain": false,
        "date": "2018/12/27",
        "price": 17956,
        "onsell": 55,
        "total": 434,
        "state": "截止"
    },
    {
        "certain": true,
        "date": "2017/06/21",
        "price": 85668,
        "onsell": 73,
        "total": 454,
        "state": "額滿"
    },
    {
        "certain": true,
        "date": "2018/01/28",
        "price": 64525,
        "onsell": 65,
        "total": 398,
        "state": "報名"
    },
    {
        "certain": false,
        "date": "2018/03/03",
        "price": 73961,
        "onsell": 76,
        "total": 239,
        "state": "後補"
    },
    {
        "certain": false,
        "date": "2018/04/28",
        "price": 98109,
        "onsell": 79,
        "total": 96,
        "state": "後補"
    },
    {
        "certain": true,
        "date": "2017/12/17",
        "price": 13525,
        "onsell": 4,
        "total": 140,
        "state": "報名"
    },
    {
        "certain": true,
        "date": "2018/04/20",
        "price": 11380,
        "onsell": 17,
        "total": 454,
        "state": "預定"
    },
    {
        "certain": false,
        "date": "2016/12/02",
        "price": 89497,
        "onsell": 24,
        "total": 368,
        "state": "預定"
    },
    {
        "certain": false,
        "date": "2017/05/12",
        "price": 6810,
        "onsell": 14,
        "total": 38,
        "state": "截止"
    },
    {
        "certain": true,
        "date": "2018/10/10",
        "price": 16454,
        "onsell": 96,
        "total": 4,
        "state": "額滿"
    },
    {
        "certain": false,
        "date": "2018/07/07",
        "price": 46715,
        "onsell": 30,
        "total": 235,
        "state": "額滿"
    },
    {
        "certain": true,
        "date": "2017/05/19",
        "price": 70808,
        "onsell": 12,
        "total": 51,
        "state": "截止"
    },
    {
        "certain": false,
        "date": "2017/09/06",
        "price": 78505,
        "onsell": 84,
        "total": 224,
        "state": "截止"
    },
    {
        "certain": false,
        "date": "2017/01/21",
        "price": 72878,
        "onsell": 81,
        "total": 345,
        "state": "後補"
    },
    {
        "certain": false,
        "date": "2018/01/15",
        "price": 32209,
        "onsell": 64,
        "total": 168,
        "state": "預定"
    },
    {
        "certain": false,
        "date": "2016/12/24",
        "price": 15567,
        "onsell": 29,
        "total": 474,
        "state": "預定"
    },
    {
        "certain": true,
        "date": "2018/11/12",
        "price": 16843,
        "onsell": 22,
        "total": 370,
        "state": "預定"
    },
    {
        "certain": false,
        "date": "2018/01/16",
        "price": 40052,
        "onsell": 88,
        "total": 219,
        "state": "後補"
    },
    {
        "certain": false,
        "date": "2017/01/27",
        "price": 74228,
        "onsell": 10,
        "total": 121,
        "state": "報名"
    },
    {
        "certain": false,
        "date": "2017/09/11",
        "price": 95706,
        "onsell": 0,
        "total": 75,
        "state": "預定"
    },
    {
        "certain": false,
        "date": "2018/09/10",
        "price": 46878,
        "onsell": 6,
        "total": 41,
        "state": "額滿"
    },
    {
        "certain": false,
        "date": "2018/06/15",
        "price": 66650,
        "onsell": 72,
        "total": 59,
        "state": "報名"
    },
    {
        "certain": true,
        "date": "2017/09/21",
        "price": 99648,
        "onsell": 85,
        "total": 454,
        "state": "截止"
    },
    {
        "certain": false,
        "date": "2017/11/19",
        "price": 24152,
        "onsell": 22,
        "total": 31,
        "state": "額滿"
    },
    {
        "certain": false,
        "date": "2017/09/29",
        "price": 35962,
        "onsell": 66,
        "total": 385,
        "state": "截止"
    },
    {
        "certain": false,
        "date": "2017/06/16",
        "price": 8299,
        "onsell": 15,
        "total": 323,
        "state": "報名"
    },
    {
        "certain": false,
        "date": "2018/12/07",
        "price": 61547,
        "onsell": 80,
        "total": 251,
        "state": "預定"
    },
    {
        "certain": true,
        "date": "2018/02/16",
        "price": 49369,
        "onsell": 94,
        "total": 39,
        "state": "預定"
    },
    {
        "certain": false,
        "date": "2018/05/13",
        "price": 18784,
        "onsell": 81,
        "total": 133,
        "state": "預定"
    },
    {
        "certain": false,
        "date": "2018/04/09",
        "price": 86858,
        "onsell": 74,
        "total": 70,
        "state": "報名"
    },
    {
        "certain": true,
        "date": "2018/11/11",
        "price": 35506,
        "onsell": 57,
        "total": 467,
        "state": "額滿"
    },
    {
        "certain": false,
        "date": "2018/05/08",
        "price": 5461,
        "onsell": 93,
        "total": 218,
        "state": "報名"
    },
    {
        "certain": true,
        "date": "2018/09/28",
        "price": 40637,
        "onsell": 82,
        "total": 187,
        "state": "後補"
    },
    {
        "certain": false,
        "date": "2016/11/15",
        "price": 78113,
        "onsell": 42,
        "total": 288,
        "state": "截止"
    },
    {
        "certain": false,
        "date": "2018/11/20",
        "price": 47399,
        "onsell": 32,
        "total": 97,
        "state": "報名"
    },
    {
        "certain": true,
        "date": "2017/11/02",
        "price": 3811,
        "onsell": 84,
        "total": 25,
        "state": "額滿"
    },
    {
        "certain": false,
        "date": "2017/03/14",
        "price": 18688,
        "onsell": 35,
        "total": 95,
        "state": "預定"
    },
    {
        "certain": true,
        "date": "2016/12/05",
        "price": 44091,
        "onsell": 63,
        "total": 95,
        "state": "截止"
    },
    {
        "certain": false,
        "date": "2018/05/18",
        "price": 74867,
        "onsell": 49,
        "total": 374,
        "state": "截止"
    },
    {
        "certain": true,
        "date": "2017/11/21",
        "price": 56629,
        "onsell": 91,
        "total": 90,
        "state": "報名"
    },
    {
        "certain": false,
        "date": "2018/01/13",
        "price": 99260,
        "onsell": 11,
        "total": 248,
        "state": "預定"
    },
    {
        "certain": true,
        "date": "2018/10/18",
        "price": 10231,
        "onsell": 72,
        "total": 315,
        "state": "後補"
    },
    {
        "certain": true,
        "date": "2018/09/27",
        "price": 13993,
        "onsell": 20,
        "total": 351,
        "state": "截止"
    },
    {
        "certain": true,
        "date": "2017/12/01",
        "price": 62854,
        "onsell": 7,
        "total": 251,
        "state": "預定"
    },
    {
        "certain": false,
        "date": "2018/04/02",
        "price": 88042,
        "onsell": 91,
        "total": 41,
        "state": "額滿"
    },
    {
        "certain": false,
        "date": "2017/10/16",
        "price": 5051,
        "onsell": 84,
        "total": 128,
        "state": "截止"
    },
    {
        "certain": false,
        "date": "2018/11/21",
        "price": 17280,
        "onsell": 69,
        "total": 408,
        "state": "後補"
    },
    {
        "certain": true,
        "date": "2018/02/13",
        "price": 75385,
        "onsell": 15,
        "total": 416,
        "state": "預定"
    },
    {
        "certain": true,
        "date": "2017/05/21",
        "price": 21807,
        "onsell": 41,
        "total": 265,
        "state": "後補"
    },
    {
        "certain": true,
        "date": "2018/03/16",
        "price": 85122,
        "onsell": 68,
        "total": 122,
        "state": "預定"
    },
    {
        "certain": false,
        "date": "2018/08/31",
        "price": 18243,
        "onsell": 10,
        "total": 215,
        "state": "額滿"
    },
    {
        "certain": true,
        "date": "2018/06/04",
        "price": 66560,
        "onsell": 90,
        "total": 400,
        "state": "額滿"
    },
    {
        "certain": false,
        "date": "2018/12/14",
        "price": 94340,
        "onsell": 18,
        "total": 213,
        "state": "後補"
    }
]