[
    {
        "guaranteed": false,
        "date": "2018/10/06",
        "price": 76263,
        "availableVancancy": 16,
        "totalVacnacy": 166,
        "status": "預定"
    },
    {
        "guaranteed": false,
        "date": "2017/09/09",
        "price": 81524,
        "availableVancancy": 10,
        "totalVacnacy": 164,
        "status": "預定"
    },
    {
        "guaranteed": true,
        "date": "2017/02/27",
        "price": 60541,
        "availableVancancy": 80,
        "totalVacnacy": 9,
        "status": "報名"
    },
    {
        "guaranteed": true,
        "date": "2018/12/29",
        "price": 32374,
        "availableVancancy": 13,
        "totalVacnacy": 204,
        "status": "額滿"
    },
    {
        "guaranteed": true,
        "date": "2017/05/16",
        "price": 90703,
        "availableVancancy": 21,
        "totalVacnacy": 66,
        "status": "預定"
    },
    {
        "guaranteed": false,
        "date": "2017/08/11",
        "price": 82299,
        "availableVancancy": 2,
        "totalVacnacy": 304,
        "status": "額滿"
    },
    {
        "guaranteed": false,
        "date": "2018/02/28",
        "price": 52251,
        "availableVancancy": 38,
        "totalVacnacy": 396,
        "status": "預定"
    },
    {
        "guaranteed": true,
        "date": "2017/12/29",
        "price": 68789,
        "availableVancancy": 20,
        "totalVacnacy": 342,
        "status": "截止"
    },
    {
        "guaranteed": false,
        "date": "2018/01/25",
        "price": 21900,
        "availableVancancy": 15,
        "totalVacnacy": 128,
        "status": "預定"
    },
    {
        "guaranteed": true,
        "date": "2018/05/30",
        "price": 65383,
        "availableVancancy": 69,
        "totalVacnacy": 191,
        "status": "截止"
    },
    {
        "guaranteed": false,
        "date": "2018/06/25",
        "price": 16754,
        "availableVancancy": 53,
        "totalVacnacy": 299,
        "status": "報名"
    },
    {
        "guaranteed": false,
        "date": "2018/05/04",
        "price": 50804,
        "availableVancancy": 67,
        "totalVacnacy": 205,
        "status": "額滿"
    },
    {
        "guaranteed": true,
        "date": "2018/01/16",
        "price": 94477,
        "availableVancancy": 5,
        "totalVacnacy": 128,
        "status": "截止"
    },
    {
        "guaranteed": false,
        "date": "2018/08/07",
        "price": 12291,
        "availableVancancy": 76,
        "totalVacnacy": 335,
        "status": "截止"
    },
    {
        "guaranteed": true,
        "date": "2017/03/07",
        "price": 61888,
        "availableVancancy": 97,
        "totalVacnacy": 89,
        "status": "預定"
    },
    {
        "guaranteed": true,
        "date": "2017/12/08",
        "price": 86774,
        "availableVancancy": 9,
        "totalVacnacy": 460,
        "status": "額滿"
    },
    {
        "guaranteed": false,
        "date": "2017/12/18",
        "price": 80954,
        "availableVancancy": 40,
        "totalVacnacy": 389,
        "status": "預定"
    },
    {
        "guaranteed": false,
        "date": "2018/07/18",
        "price": 58166,
        "availableVancancy": 51,
        "totalVacnacy": 74,
        "status": "截止"
    },
    {
        "guaranteed": true,
        "date": "2017/06/11",
        "price": 98706,
        "availableVancancy": 5,
        "totalVacnacy": 113,
        "status": "報名"
    },
    {
        "guaranteed": false,
        "date": "2017/04/15",
        "price": 78855,
        "availableVancancy": 41,
        "totalVacnacy": 22,
        "status": "額滿"
    },
    {
        "guaranteed": true,
        "date": "2017/04/29",
        "price": 14923,
        "availableVancancy": 55,
        "totalVacnacy": 155,
        "status": "報名"
    },
    {
        "guaranteed": false,
        "date": "2018/07/05",
        "price": 86273,
        "availableVancancy": 0,
        "totalVacnacy": 498,
        "status": "後補"
    },
    {
        "guaranteed": true,
        "date": "2018/02/23",
        "price": 42373,
        "availableVancancy": 6,
        "totalVacnacy": 13,
        "status": "後補"
    },
    {
        "guaranteed": true,
        "date": "2017/01/02",
        "price": 14576,
        "availableVancancy": 48,
        "totalVacnacy": 431,
        "status": "報名"
    },
    {
        "guaranteed": true,
        "date": "2017/05/20",
        "price": 64171,
        "availableVancancy": 26,
        "totalVacnacy": 217,
        "status": "預定"
    },
    {
        "guaranteed": false,
        "date": "2017/12/10",
        "price": 10110,
        "availableVancancy": 49,
        "totalVacnacy": 90,
        "status": "報名"
    },
    {
        "guaranteed": true,
        "date": "2017/10/29",
        "price": 47961,
        "availableVancancy": 39,
        "totalVacnacy": 35,
        "status": "截止"
    },
    {
        "guaranteed": true,
        "date": "2018/04/03",
        "price": 12701,
        "availableVancancy": 22,
        "totalVacnacy": 259,
        "status": "額滿"
    },
    {
        "guaranteed": true,
        "date": "2018/08/19",
        "price": 70020,
        "availableVancancy": 77,
        "totalVacnacy": 24,
        "status": "預定"
    },
    {
        "guaranteed": true,
        "date": "2018/06/28",
        "price": 52907,
        "availableVancancy": 90,
        "totalVacnacy": 239,
        "status": "預定"
    },
    {
        "guaranteed": false,
        "date": "2017/09/25",
        "price": 85223,
        "availableVancancy": 3,
        "totalVacnacy": 317,
        "status": "截止"
    },
    {
        "guaranteed": false,
        "date": "2018/02/26",
        "price": 56250,
        "availableVancancy": 25,
        "totalVacnacy": 175,
        "status": "額滿"
    },
    {
        "guaranteed": false,
        "date": "2017/05/16",
        "price": 58490,
        "availableVancancy": 55,
        "totalVacnacy": 379,
        "status": "報名"
    },
    {
        "guaranteed": true,
        "date": "2017/04/21",
        "price": 46546,
        "availableVancancy": 12,
        "totalVacnacy": 347,
        "status": "預定"
    },
    {
        "guaranteed": false,
        "date": "2016/12/28",
        "price": 22901,
        "availableVancancy": 91,
        "totalVacnacy": 235,
        "status": "截止"
    },
    {
        "guaranteed": true,
        "date": "2018/07/17",
        "price": 10736,
        "availableVancancy": 29,
        "totalVacnacy": 23,
        "status": "截止"
    },
    {
        "guaranteed": true,
        "date": "2016/11/30",
        "price": 64962,
        "availableVancancy": 82,
        "totalVacnacy": 151,
        "status": "報名"
    },
    {
        "guaranteed": true,
        "date": "2017/06/21",
        "price": 79788,
        "availableVancancy": 10,
        "totalVacnacy": 72,
        "status": "截止"
    },
    {
        "guaranteed": false,
        "date": "2017/04/20",
        "price": 33670,
        "availableVancancy": 32,
        "totalVacnacy": 382,
        "status": "預定"
    },
    {
        "guaranteed": false,
        "date": "2017/07/03",
        "price": 96883,
        "availableVancancy": 56,
        "totalVacnacy": 208,
        "status": "報名"
    },
    {
        "guaranteed": true,
        "date": "2017/03/16",
        "price": 68128,
        "availableVancancy": 31,
        "totalVacnacy": 81,
        "status": "截止"
    },
    {
        "guaranteed": true,
        "date": "2018/04/09",
        "price": 53503,
        "availableVancancy": 92,
        "totalVacnacy": 74,
        "status": "額滿"
    },
    {
        "guaranteed": true,
        "date": "2017/01/06",
        "price": 23551,
        "availableVancancy": 31,
        "totalVacnacy": 477,
        "status": "截止"
    },
    {
        "guaranteed": true,
        "date": "2017/03/06",
        "price": 48488,
        "availableVancancy": 81,
        "totalVacnacy": 85,
        "status": "額滿"
    },
    {
        "guaranteed": false,
        "date": "2016/12/04",
        "price": 60468,
        "availableVancancy": 18,
        "totalVacnacy": 206,
        "status": "額滿"
    },
    {
        "guaranteed": false,
        "date": "2018/02/01",
        "price": 34022,
        "availableVancancy": 56,
        "totalVacnacy": 364,
        "status": "額滿"
    },
    {
        "guaranteed": false,
        "date": "2018/05/19",
        "price": 52790,
        "availableVancancy": 22,
        "totalVacnacy": 477,
        "status": "報名"
    },
    {
        "guaranteed": true,
        "date": "2017/06/11",
        "price": 58468,
        "availableVancancy": 96,
        "totalVacnacy": 83,
        "status": "額滿"
    },
    {
        "guaranteed": false,
        "date": "2018/12/09",
        "price": 91677,
        "availableVancancy": 68,
        "totalVacnacy": 226,
        "status": "後補"
    },
    {
        "guaranteed": false,
        "date": "2018/02/03",
        "price": 22812,
        "availableVancancy": 96,
        "totalVacnacy": 466,
        "status": "額滿"
    },
    {
        "guaranteed": true,
        "date": "2018/10/18",
        "price": 75660,
        "availableVancancy": 51,
        "totalVacnacy": 182,
        "status": "報名"
    },
    {
        "guaranteed": true,
        "date": "2017/11/06",
        "price": 17868,
        "availableVancancy": 71,
        "totalVacnacy": 74,
        "status": "額滿"
    },
    {
        "guaranteed": false,
        "date": "2017/01/20",
        "price": 78588,
        "availableVancancy": 64,
        "totalVacnacy": 146,
        "status": "額滿"
    },
    {
        "guaranteed": true,
        "date": "2018/09/24",
        "price": 74660,
        "availableVancancy": 3,
        "totalVacnacy": 391,
        "status": "預定"
    },
    {
        "guaranteed": true,
        "date": "2017/11/28",
        "price": 33047,
        "availableVancancy": 75,
        "totalVacnacy": 4,
        "status": "後補"
    },
    {
        "guaranteed": false,
        "date": "2017/08/19",
        "price": 89267,
        "availableVancancy": 26,
        "totalVacnacy": 275,
        "status": "額滿"
    },
    {
        "guaranteed": true,
        "date": "2018/08/21",
        "price": 81378,
        "availableVancancy": 72,
        "totalVacnacy": 420,
        "status": "後補"
    },
    {
        "guaranteed": false,
        "date": "2017/01/22",
        "price": 93453,
        "availableVancancy": 60,
        "totalVacnacy": 242,
        "status": "預定"
    },
    {
        "guaranteed": false,
        "date": "2018/08/22",
        "price": 42058,
        "availableVancancy": 3,
        "totalVacnacy": 159,
        "status": "額滿"
    },
    {
        "guaranteed": true,
        "date": "2018/07/06",
        "price": 2603,
        "availableVancancy": 49,
        "totalVacnacy": 96,
        "status": "後補"
    },
    {
        "guaranteed": false,
        "date": "2017/01/10",
        "price": 34989,
        "availableVancancy": 83,
        "totalVacnacy": 435,
        "status": "後補"
    },
    {
        "guaranteed": false,
        "date": "2018/07/17",
        "price": 51457,
        "availableVancancy": 52,
        "totalVacnacy": 474,
        "status": "後補"
    },
    {
        "guaranteed": false,
        "date": "2018/10/12",
        "price": 12141,
        "availableVancancy": 10,
        "totalVacnacy": 48,
        "status": "後補"
    },
    {
        "guaranteed": true,
        "date": "2017/03/26",
        "price": 32449,
        "availableVancancy": 62,
        "totalVacnacy": 377,
        "status": "額滿"
    },
    {
        "guaranteed": true,
        "date": "2017/09/28",
        "price": 66099,
        "availableVancancy": 13,
        "totalVacnacy": 203,
        "status": "額滿"
    },
    {
        "guaranteed": false,
        "date": "2017/01/08",
        "price": 66225,
        "availableVancancy": 41,
        "totalVacnacy": 300,
        "status": "報名"
    },
    {
        "guaranteed": true,
        "date": "2018/05/30",
        "price": 57797,
        "availableVancancy": 30,
        "totalVacnacy": 99,
        "status": "截止"
    },
    {
        "guaranteed": false,
        "date": "2016/12/01",
        "price": 7256,
        "availableVancancy": 33,
        "totalVacnacy": 272,
        "status": "報名"
    },
    {
        "guaranteed": false,
        "date": "2017/02/08",
        "price": 22211,
        "availableVancancy": 22,
        "totalVacnacy": 443,
        "status": "報名"
    },
    {
        "guaranteed": true,
        "date": "2018/02/21",
        "price": 81156,
        "availableVancancy": 45,
        "totalVacnacy": 179,
        "status": "預定"
    },
    {
        "guaranteed": false,
        "date": "2018/02/08",
        "price": 66051,
        "availableVancancy": 17,
        "totalVacnacy": 227,
        "status": "報名"
    },
    {
        "guaranteed": true,
        "date": "2017/06/17",
        "price": 49376,
        "availableVancancy": 9,
        "totalVacnacy": 492,
        "status": "預定"
    },
    {
        "guaranteed": true,
        "date": "2018/08/23",
        "price": 43273,
        "availableVancancy": 20,
        "totalVacnacy": 223,
        "status": "預定"
    },
    {
        "guaranteed": true,
        "date": "2018/09/02",
        "price": 68913,
        "availableVancancy": 13,
        "totalVacnacy": 490,
        "status": "額滿"
    },
    {
        "guaranteed": true,
        "date": "2018/04/01",
        "price": 15600,
        "availableVancancy": 98,
        "totalVacnacy": 250,
        "status": "截止"
    },
    {
        "guaranteed": true,
        "date": "2017/10/28",
        "price": 42634,
        "availableVancancy": 72,
        "totalVacnacy": 130,
        "status": "截止"
    },
    {
        "guaranteed": true,
        "date": "2017/09/29",
        "price": 31202,
        "availableVancancy": 63,
        "totalVacnacy": 185,
        "status": "截止"
    },
    {
        "guaranteed": false,
        "date": "2017/09/07",
        "price": 96538,
        "availableVancancy": 75,
        "totalVacnacy": 89,
        "status": "後補"
    },
    {
        "guaranteed": true,
        "date": "2018/12/09",
        "price": 8249,
        "availableVancancy": 6,
        "totalVacnacy": 270,
        "status": "預定"
    },
    {
        "guaranteed": true,
        "date": "2018/12/14",
        "price": 34388,
        "availableVancancy": 2,
        "totalVacnacy": 332,
        "status": "後補"
    },
    {
        "guaranteed": true,
        "date": "2017/05/12",
        "price": 89005,
        "availableVancancy": 46,
        "totalVacnacy": 489,
        "status": "預定"
    },
    {
        "guaranteed": true,
        "date": "2017/04/25",
        "price": 65567,
        "availableVancancy": 24,
        "totalVacnacy": 255,
        "status": "後補"
    },
    {
        "guaranteed": false,
        "date": "2018/04/05",
        "price": 32061,
        "availableVancancy": 66,
        "totalVacnacy": 341,
        "status": "後補"
    },
    {
        "guaranteed": false,
        "date": "2018/06/06",
        "price": 91605,
        "availableVancancy": 30,
        "totalVacnacy": 234,
        "status": "額滿"
    },
    {
        "guaranteed": false,
        "date": "2017/05/01",
        "price": 57917,
        "availableVancancy": 25,
        "totalVacnacy": 354,
        "status": "截止"
    },
    {
        "guaranteed": true,
        "date": "2017/03/19",
        "price": 18681,
        "availableVancancy": 97,
        "totalVacnacy": 256,
        "status": "預定"
    },
    {
        "guaranteed": true,
        "date": "2018/11/29",
        "price": 12389,
        "availableVancancy": 3,
        "totalVacnacy": 72,
        "status": "預定"
    },
    {
        "guaranteed": false,
        "date": "2018/05/26",
        "price": 63659,
        "availableVancancy": 76,
        "totalVacnacy": 118,
        "status": "額滿"
    },
    {
        "guaranteed": false,
        "date": "2017/07/15",
        "price": 20536,
        "availableVancancy": 94,
        "totalVacnacy": 324,
        "status": "額滿"
    },
    {
        "guaranteed": true,
        "date": "2018/07/19",
        "price": 785,
        "availableVancancy": 42,
        "totalVacnacy": 395,
        "status": "報名"
    },
    {
        "guaranteed": false,
        "date": "2017/12/04",
        "price": 52386,
        "availableVancancy": 67,
        "totalVacnacy": 35,
        "status": "報名"
    },
    {
        "guaranteed": true,
        "date": "2016/12/07",
        "price": 51309,
        "availableVancancy": 20,
        "totalVacnacy": 253,
        "status": "報名"
    },
    {
        "guaranteed": false,
        "date": "2018/06/01",
        "price": 57067,
        "availableVancancy": 80,
        "totalVacnacy": 215,
        "status": "報名"
    },
    {
        "guaranteed": false,
        "date": "2018/11/16",
        "price": 61466,
        "availableVancancy": 88,
        "totalVacnacy": 325,
        "status": "預定"
    },
    {
        "guaranteed": true,
        "date": "2018/09/29",
        "price": 49581,
        "availableVancancy": 25,
        "totalVacnacy": 397,
        "status": "報名"
    },
    {
        "guaranteed": true,
        "date": "2017/05/23",
        "price": 48748,
        "availableVancancy": 76,
        "totalVacnacy": 282,
        "status": "後補"
    },
    {
        "guaranteed": true,
        "date": "2017/06/04",
        "price": 37132,
        "availableVancancy": 24,
        "totalVacnacy": 457,
        "status": "後補"
    },
    {
        "guaranteed": false,
        "date": "2018/01/23",
        "price": 28269,
        "availableVancancy": 78,
        "totalVacnacy": 0,
        "status": "報名"
    },
    {
        "guaranteed": true,
        "date": "2017/10/25",
        "price": 14599,
        "availableVancancy": 60,
        "totalVacnacy": 57,
        "status": "截止"
    },
    {
        "guaranteed": true,
        "date": "2017/12/10",
        "price": 84532,
        "availableVancancy": 95,
        "totalVacnacy": 436,
        "status": "預定"
    },
    {
        "guaranteed": true,
        "date": "2017/12/25",
        "price": 49856,
        "availableVancancy": 13,
        "totalVacnacy": 435,
        "status": "報名"
    },
    {
        "guaranteed": false,
        "date": "2018/09/29",
        "price": 67993,
        "availableVancancy": 18,
        "totalVacnacy": 320,
        "status": "截止"
    },
    {
        "guaranteed": true,
        "date": "2017/09/30",
        "price": 21080,
        "availableVancancy": 87,
        "totalVacnacy": 114,
        "status": "額滿"
    },
    {
        "guaranteed": true,
        "date": "2017/07/27",
        "price": 23805,
        "availableVancancy": 86,
        "totalVacnacy": 191,
        "status": "額滿"
    },
    {
        "guaranteed": false,
        "date": "2017/07/09",
        "price": 88735,
        "availableVancancy": 17,
        "totalVacnacy": 134,
        "status": "報名"
    },
    {
        "guaranteed": true,
        "date": "2018/02/11",
        "price": 5964,
        "availableVancancy": 43,
        "totalVacnacy": 164,
        "status": "預定"
    },
    {
        "guaranteed": false,
        "date": "2017/11/22",
        "price": 89952,
        "availableVancancy": 34,
        "totalVacnacy": 422,
        "status": "預定"
    },
    {
        "guaranteed": true,
        "date": "2016/12/24",
        "price": 63406,
        "availableVancancy": 35,
        "totalVacnacy": 341,
        "status": "報名"
    },
    {
        "guaranteed": true,
        "date": "2018/03/28",
        "price": 36243,
        "availableVancancy": 54,
        "totalVacnacy": 344,
        "status": "預定"
    },
    {
        "guaranteed": true,
        "date": "2017/12/26",
        "price": 83728,
        "availableVancancy": 66,
        "totalVacnacy": 309,
        "status": "截止"
    },
    {
        "guaranteed": true,
        "date": "2018/04/13",
        "price": 98766,
        "availableVancancy": 88,
        "totalVacnacy": 244,
        "status": "報名"
    },
    {
        "guaranteed": true,
        "date": "2017/07/11",
        "price": 67414,
        "availableVancancy": 87,
        "totalVacnacy": 405,
        "status": "截止"
    },
    {
        "guaranteed": true,
        "date": "2018/08/25",
        "price": 14764,
        "availableVancancy": 7,
        "totalVacnacy": 393,
        "status": "後補"
    },
    {
        "guaranteed": false,
        "date": "2016/11/22",
        "price": 38458,
        "availableVancancy": 49,
        "totalVacnacy": 125,
        "status": "預定"
    },
    {
        "guaranteed": true,
        "date": "2018/11/22",
        "price": 71745,
        "availableVancancy": 99,
        "totalVacnacy": 222,
        "status": "報名"
    },
    {
        "guaranteed": true,
        "date": "2017/09/18",
        "price": 45209,
        "availableVancancy": 41,
        "totalVacnacy": 362,
        "status": "額滿"
    },
    {
        "guaranteed": true,
        "date": "2017/12/03",
        "price": 45516,
        "availableVancancy": 16,
        "totalVacnacy": 333,
        "status": "報名"
    },
    {
        "guaranteed": true,
        "date": "2017/07/24",
        "price": 35502,
        "availableVancancy": 26,
        "totalVacnacy": 325,
        "status": "截止"
    },
    {
        "guaranteed": false,
        "date": "2017/12/10",
        "price": 17998,
        "availableVancancy": 26,
        "totalVacnacy": 444,
        "status": "後補"
    },
    {
        "guaranteed": false,
        "date": "2017/07/05",
        "price": 65553,
        "availableVancancy": 63,
        "totalVacnacy": 272,
        "status": "截止"
    },
    {
        "guaranteed": true,
        "date": "2017/01/24",
        "price": 32041,
        "availableVancancy": 97,
        "totalVacnacy": 269,
        "status": "後補"
    },
    {
        "guaranteed": true,
        "date": "2017/01/13",
        "price": 26343,
        "availableVancancy": 4,
        "totalVacnacy": 211,
        "status": "截止"
    },
    {
        "guaranteed": true,
        "date": "2018/02/26",
        "price": 1707,
        "availableVancancy": 72,
        "totalVacnacy": 384,
        "status": "報名"
    },
    {
        "guaranteed": false,
        "date": "2017/03/16",
        "price": 51348,
        "availableVancancy": 89,
        "totalVacnacy": 182,
        "status": "預定"
    },
    {
        "guaranteed": false,
        "date": "2018/07/19",
        "price": 67928,
        "availableVancancy": 91,
        "totalVacnacy": 451,
        "status": "截止"
    },
    {
        "guaranteed": false,
        "date": "2018/11/14",
        "price": 38449,
        "availableVancancy": 25,
        "totalVacnacy": 145,
        "status": "額滿"
    },
    {
        "guaranteed": true,
        "date": "2017/04/04",
        "price": 1217,
        "availableVancancy": 97,
        "totalVacnacy": 64,
        "status": "截止"
    },
    {
        "guaranteed": true,
        "date": "2017/04/20",
        "price": 14601,
        "availableVancancy": 8,
        "totalVacnacy": 302,
        "status": "預定"
    },
    {
        "guaranteed": true,
        "date": "2018/11/29",
        "price": 13494,
        "availableVancancy": 99,
        "totalVacnacy": 488,
        "status": "後補"
    },
    {
        "guaranteed": false,
        "date": "2017/11/03",
        "price": 48807,
        "availableVancancy": 61,
        "totalVacnacy": 223,
        "status": "後補"
    },
    {
        "guaranteed": true,
        "date": "2017/10/26",
        "price": 65819,
        "availableVancancy": 14,
        "totalVacnacy": 381,
        "status": "額滿"
    },
    {
        "guaranteed": true,
        "date": "2018/06/10",
        "price": 28008,
        "availableVancancy": 61,
        "totalVacnacy": 499,
        "status": "預定"
    },
    {
        "guaranteed": true,
        "date": "2018/05/22",
        "price": 66840,
        "availableVancancy": 37,
        "totalVacnacy": 382,
        "status": "預定"
    },
    {
        "guaranteed": true,
        "date": "2018/04/05",
        "price": 83156,
        "availableVancancy": 92,
        "totalVacnacy": 428,
        "status": "截止"
    },
    {
        "guaranteed": true,
        "date": "2017/11/14",
        "price": 79968,
        "availableVancancy": 66,
        "totalVacnacy": 299,
        "status": "後補"
    },
    {
        "guaranteed": false,
        "date": "2017/10/29",
        "price": 78680,
        "availableVancancy": 63,
        "totalVacnacy": 163,
        "status": "報名"
    },
    {
        "guaranteed": false,
        "date": "2018/12/03",
        "price": 63986,
        "availableVancancy": 50,
        "totalVacnacy": 262,
        "status": "額滿"
    },
    {
        "guaranteed": true,
        "date": "2018/02/06",
        "price": 95313,
        "availableVancancy": 17,
        "totalVacnacy": 22,
        "status": "截止"
    },
    {
        "guaranteed": true,
        "date": "2017/10/27",
        "price": 98779,
        "availableVancancy": 70,
        "totalVacnacy": 346,
        "status": "報名"
    },
    {
        "guaranteed": true,
        "date": "2017/07/21",
        "price": 704,
        "availableVancancy": 8,
        "totalVacnacy": 287,
        "status": "預定"
    },
    {
        "guaranteed": true,
        "date": "2018/04/16",
        "price": 9571,
        "availableVancancy": 59,
        "totalVacnacy": 320,
        "status": "截止"
    },
    {
        "guaranteed": true,
        "date": "2018/06/23",
        "price": 55373,
        "availableVancancy": 83,
        "totalVacnacy": 9,
        "status": "截止"
    },
    {
        "guaranteed": false,
        "date": "2017/10/20",
        "price": 80150,
        "availableVancancy": 7,
        "totalVacnacy": 185,
        "status": "預定"
    },
    {
        "guaranteed": true,
        "date": "2017/08/27",
        "price": 41398,
        "availableVancancy": 92,
        "totalVacnacy": 371,
        "status": "截止"
    },
    {
        "guaranteed": false,
        "date": "2016/12/16",
        "price": 59104,
        "availableVancancy": 97,
        "totalVacnacy": 33,
        "status": "預定"
    },
    {
        "guaranteed": true,
        "date": "2017/03/19",
        "price": 48744,
        "availableVancancy": 74,
        "totalVacnacy": 383,
        "status": "截止"
    },
    {
        "guaranteed": false,
        "date": "2017/10/16",
        "price": 14375,
        "availableVancancy": 31,
        "totalVacnacy": 116,
        "status": "預定"
    },
    {
        "guaranteed": false,
        "date": "2017/09/20",
        "price": 29933,
        "availableVancancy": 53,
        "totalVacnacy": 468,
        "status": "報名"
    },
    {
        "guaranteed": true,
        "date": "2018/09/19",
        "price": 6144,
        "availableVancancy": 24,
        "totalVacnacy": 253,
        "status": "預定"
    },
    {
        "guaranteed": true,
        "date": "2017/03/26",
        "price": 48685,
        "availableVancancy": 86,
        "totalVacnacy": 84,
        "status": "報名"
    },
    {
        "guaranteed": true,
        "date": "2017/02/12",
        "price": 57440,
        "availableVancancy": 71,
        "totalVacnacy": 476,
        "status": "額滿"
    },
    {
        "guaranteed": false,
        "date": "2017/06/07",
        "price": 5893,
        "availableVancancy": 70,
        "totalVacnacy": 165,
        "status": "截止"
    },
    {
        "guaranteed": true,
        "date": "2018/03/01",
        "price": 5576,
        "availableVancancy": 100,
        "totalVacnacy": 405,
        "status": "後補"
    },
    {
        "guaranteed": false,
        "date": "2017/10/29",
        "price": 26253,
        "availableVancancy": 23,
        "totalVacnacy": 96,
        "status": "後補"
    },
    {
        "guaranteed": false,
        "date": "2017/04/01",
        "price": 77647,
        "availableVancancy": 75,
        "totalVacnacy": 103,
        "status": "截止"
    },
    {
        "guaranteed": true,
        "date": "2018/07/01",
        "price": 73525,
        "availableVancancy": 56,
        "totalVacnacy": 472,
        "status": "報名"
    },
    {
        "guaranteed": false,
        "date": "2018/05/09",
        "price": 95882,
        "availableVancancy": 39,
        "totalVacnacy": 171,
        "status": "預定"
    },
    {
        "guaranteed": false,
        "date": "2018/06/03",
        "price": 35096,
        "availableVancancy": 15,
        "totalVacnacy": 109,
        "status": "後補"
    },
    {
        "guaranteed": true,
        "date": "2017/01/20",
        "price": 87832,
        "availableVancancy": 74,
        "totalVacnacy": 395,
        "status": "額滿"
    },
    {
        "guaranteed": false,
        "date": "2017/08/06",
        "price": 31577,
        "availableVancancy": 53,
        "totalVacnacy": 119,
        "status": "額滿"
    },
    {
        "guaranteed": false,
        "date": "2018/07/18",
        "price": 1550,
        "availableVancancy": 86,
        "totalVacnacy": 138,
        "status": "額滿"
    },
    {
        "guaranteed": true,
        "date": "2017/11/29",
        "price": 54513,
        "availableVancancy": 37,
        "totalVacnacy": 339,
        "status": "預定"
    },
    {
        "guaranteed": true,
        "date": "2018/02/20",
        "price": 2058,
        "availableVancancy": 33,
        "totalVacnacy": 321,
        "status": "截止"
    },
    {
        "guaranteed": true,
        "date": "2017/03/08",
        "price": 71286,
        "availableVancancy": 18,
        "totalVacnacy": 397,
        "status": "預定"
    },
    {
        "guaranteed": true,
        "date": "2017/02/28",
        "price": 75283,
        "availableVancancy": 39,
        "totalVacnacy": 296,
        "status": "額滿"
    },
    {
        "guaranteed": false,
        "date": "2017/05/05",
        "price": 65232,
        "availableVancancy": 93,
        "totalVacnacy": 330,
        "status": "後補"
    },
    {
        "guaranteed": true,
        "date": "2017/04/23",
        "price": 37191,
        "availableVancancy": 54,
        "totalVacnacy": 0,
        "status": "截止"
    },
    {
        "guaranteed": true,
        "date": "2018/07/08",
        "price": 69748,
        "availableVancancy": 12,
        "totalVacnacy": 464,
        "status": "截止"
    },
    {
        "guaranteed": true,
        "date": "2018/06/22",
        "price": 3089,
        "availableVancancy": 40,
        "totalVacnacy": 329,
        "status": "報名"
    },
    {
        "guaranteed": false,
        "date": "2018/05/19",
        "price": 66400,
        "availableVancancy": 94,
        "totalVacnacy": 179,
        "status": "額滿"
    },
    {
        "guaranteed": false,
        "date": "2017/09/22",
        "price": 76234,
        "availableVancancy": 56,
        "totalVacnacy": 49,
        "status": "截止"
    },
    {
        "guaranteed": true,
        "date": "2018/03/30",
        "price": 55460,
        "availableVancancy": 43,
        "totalVacnacy": 151,
        "status": "後補"
    },
    {
        "guaranteed": true,
        "date": "2018/01/10",
        "price": 60506,
        "availableVancancy": 29,
        "totalVacnacy": 295,
        "status": "預定"
    },
    {
        "guaranteed": true,
        "date": "2017/11/30",
        "price": 94248,
        "availableVancancy": 91,
        "totalVacnacy": 45,
        "status": "預定"
    },
    {
        "guaranteed": true,
        "date": "2017/02/16",
        "price": 46467,
        "availableVancancy": 27,
        "totalVacnacy": 271,
        "status": "後補"
    },
    {
        "guaranteed": true,
        "date": "2016/11/20",
        "price": 2707,
        "availableVancancy": 77,
        "totalVacnacy": 385,
        "status": "後補"
    },
    {
        "guaranteed": true,
        "date": "2018/03/23",
        "price": 23102,
        "availableVancancy": 33,
        "totalVacnacy": 35,
        "status": "預定"
    },
    {
        "guaranteed": true,
        "date": "2018/06/07",
        "price": 87662,
        "availableVancancy": 39,
        "totalVacnacy": 315,
        "status": "報名"
    },
    {
        "guaranteed": false,
        "date": "2018/02/21",
        "price": 90843,
        "availableVancancy": 35,
        "totalVacnacy": 449,
        "status": "報名"
    },
    {
        "guaranteed": false,
        "date": "2017/08/07",
        "price": 51694,
        "availableVancancy": 99,
        "totalVacnacy": 419,
        "status": "預定"
    },
    {
        "guaranteed": true,
        "date": "2018/08/20",
        "price": 14475,
        "availableVancancy": 31,
        "totalVacnacy": 46,
        "status": "預定"
    },
    {
        "guaranteed": true,
        "date": "2017/07/30",
        "price": 41495,
        "availableVancancy": 60,
        "totalVacnacy": 14,
        "status": "預定"
    },
    {
        "guaranteed": true,
        "date": "2017/12/28",
        "price": 63812,
        "availableVancancy": 8,
        "totalVacnacy": 311,
        "status": "預定"
    },
    {
        "guaranteed": true,
        "date": "2017/02/13",
        "price": 6537,
        "availableVancancy": 83,
        "totalVacnacy": 475,
        "status": "截止"
    },
    {
        "guaranteed": false,
        "date": "2018/07/08",
        "price": 73675,
        "availableVancancy": 97,
        "totalVacnacy": 119,
        "status": "截止"
    },
    {
        "guaranteed": false,
        "date": "2017/07/25",
        "price": 69339,
        "availableVancancy": 26,
        "totalVacnacy": 75,
        "status": "預定"
    },
    {
        "guaranteed": true,
        "date": "2017/06/04",
        "price": 72893,
        "availableVancancy": 15,
        "totalVacnacy": 429,
        "status": "額滿"
    },
    {
        "guaranteed": true,
        "date": "2018/06/22",
        "price": 15652,
        "availableVancancy": 23,
        "totalVacnacy": 94,
        "status": "截止"
    },
    {
        "guaranteed": false,
        "date": "2017/08/22",
        "price": 76078,
        "availableVancancy": 43,
        "totalVacnacy": 269,
        "status": "後補"
    },
    {
        "guaranteed": true,
        "date": "2018/04/21",
        "price": 88864,
        "availableVancancy": 7,
        "totalVacnacy": 296,
        "status": "額滿"
    },
    {
        "guaranteed": true,
        "date": "2018/04/14",
        "price": 75495,
        "availableVancancy": 92,
        "totalVacnacy": 196,
        "status": "截止"
    },
    {
        "guaranteed": true,
        "date": "2016/12/07",
        "price": 70781,
        "availableVancancy": 9,
        "totalVacnacy": 169,
        "status": "後補"
    },
    {
        "guaranteed": false,
        "date": "2018/03/09",
        "price": 62856,
        "availableVancancy": 92,
        "totalVacnacy": 394,
        "status": "預定"
    },
    {
        "guaranteed": false,
        "date": "2018/06/02",
        "price": 7952,
        "availableVancancy": 79,
        "totalVacnacy": 43,
        "status": "後補"
    },
    {
        "guaranteed": true,
        "date": "2018/01/17",
        "price": 87591,
        "availableVancancy": 14,
        "totalVacnacy": 366,
        "status": "後補"
    },
    {
        "guaranteed": false,
        "date": "2018/02/23",
        "price": 19028,
        "availableVancancy": 94,
        "totalVacnacy": 377,
        "status": "截止"
    },
    {
        "guaranteed": true,
        "date": "2018/01/07",
        "price": 10159,
        "availableVancancy": 70,
        "totalVacnacy": 256,
        "status": "報名"
    },
    {
        "guaranteed": true,
        "date": "2018/08/06",
        "price": 76471,
        "availableVancancy": 33,
        "totalVacnacy": 28,
        "status": "截止"
    },
    {
        "guaranteed": true,
        "date": "2018/02/22",
        "price": 59937,
        "availableVancancy": 30,
        "totalVacnacy": 94,
        "status": "報名"
    },
    {
        "guaranteed": false,
        "date": "2017/08/19",
        "price": 20966,
        "availableVancancy": 45,
        "totalVacnacy": 215,
        "status": "預定"
    },
    {
        "guaranteed": false,
        "date": "2018/06/18",
        "price": 31540,
        "availableVancancy": 9,
        "totalVacnacy": 297,
        "status": "截止"
    },
    {
        "guaranteed": false,
        "date": "2018/05/05",
        "price": 4005,
        "availableVancancy": 84,
        "totalVacnacy": 310,
        "status": "報名"
    },
    {
        "guaranteed": true,
        "date": "2016/11/30",
        "price": 95239,
        "availableVancancy": 93,
        "totalVacnacy": 460,
        "status": "報名"
    },
    {
        "guaranteed": false,
        "date": "2018/08/01",
        "price": 35321,
        "availableVancancy": 88,
        "totalVacnacy": 171,
        "status": "截止"
    },
    {
        "guaranteed": false,
        "date": "2018/03/08",
        "price": 27838,
        "availableVancancy": 18,
        "totalVacnacy": 324,
        "status": "後補"
    },
    {
        "guaranteed": true,
        "date": "2018/10/02",
        "price": 67890,
        "availableVancancy": 61,
        "totalVacnacy": 313,
        "status": "額滿"
    },
    {
        "guaranteed": false,
        "date": "2017/12/12",
        "price": 47321,
        "availableVancancy": 38,
        "totalVacnacy": 336,
        "status": "預定"
    },
    {
        "guaranteed": false,
        "date": "2018/09/16",
        "price": 96449,
        "availableVancancy": 87,
        "totalVacnacy": 175,
        "status": "預定"
    },
    {
        "guaranteed": true,
        "date": "2018/05/07",
        "price": 90812,
        "availableVancancy": 65,
        "totalVacnacy": 95,
        "status": "截止"
    },
    {
        "guaranteed": false,
        "date": "2018/09/15",
        "price": 8359,
        "availableVancancy": 24,
        "totalVacnacy": 130,
        "status": "截止"
    },
    {
        "guaranteed": true,
        "date": "2018/12/03",
        "price": 1474,
        "availableVancancy": 50,
        "totalVacnacy": 433,
        "status": "預定"
    },
    {
        "guaranteed": true,
        "date": "2017/06/03",
        "price": 88072,
        "availableVancancy": 12,
        "totalVacnacy": 146,
        "status": "額滿"
    },
    {
        "guaranteed": false,
        "date": "2017/08/30",
        "price": 33011,
        "availableVancancy": 50,
        "totalVacnacy": 98,
        "status": "預定"
    },
    {
        "guaranteed": true,
        "date": "2018/08/09",
        "price": 42254,
        "availableVancancy": 18,
        "totalVacnacy": 494,
        "status": "預定"
    },
    {
        "guaranteed": true,
        "date": "2018/06/15",
        "price": 51961,
        "availableVancancy": 98,
        "totalVacnacy": 113,
        "status": "報名"
    },
    {
        "guaranteed": true,
        "date": "2018/01/02",
        "price": 68098,
        "availableVancancy": 25,
        "totalVacnacy": 381,
        "status": "後補"
    },
    {
        "guaranteed": true,
        "date": "2017/09/25",
        "price": 81920,
        "availableVancancy": 12,
        "totalVacnacy": 36,
        "status": "額滿"
    },
    {
        "guaranteed": true,
        "date": "2017/11/01",
        "price": 46690,
        "availableVancancy": 42,
        "totalVacnacy": 219,
        "status": "截止"
    },
    {
        "guaranteed": true,
        "date": "2017/12/28",
        "price": 45555,
        "availableVancancy": 8,
        "totalVacnacy": 191,
        "status": "報名"
    },
    {
        "guaranteed": true,
        "date": "2017/02/03",
        "price": 30058,
        "availableVancancy": 59,
        "totalVacnacy": 438,
        "status": "後補"
    },
    {
        "guaranteed": true,
        "date": "2017/07/30",
        "price": 10075,
        "availableVancancy": 53,
        "totalVacnacy": 305,
        "status": "後補"
    },
    {
        "guaranteed": true,
        "date": "2017/08/27",
        "price": 94324,
        "availableVancancy": 17,
        "totalVacnacy": 110,
        "status": "截止"
    },
    {
        "guaranteed": false,
        "date": "2017/07/07",
        "price": 31260,
        "availableVancancy": 90,
        "totalVacnacy": 498,
        "status": "截止"
    },
    {
        "guaranteed": false,
        "date": "2018/02/13",
        "price": 24839,
        "availableVancancy": 41,
        "totalVacnacy": 94,
        "status": "截止"
    },
    {
        "guaranteed": false,
        "date": "2018/06/13",
        "price": 37525,
        "availableVancancy": 63,
        "totalVacnacy": 212,
        "status": "報名"
    },
    {
        "guaranteed": true,
        "date": "2017/03/11",
        "price": 98094,
        "availableVancancy": 60,
        "totalVacnacy": 257,
        "status": "截止"
    },
    {
        "guaranteed": false,
        "date": "2016/12/25",
        "price": 75486,
        "availableVancancy": 16,
        "totalVacnacy": 40,
        "status": "預定"
    },
    {
        "guaranteed": true,
        "date": "2018/01/10",
        "price": 96939,
        "availableVancancy": 86,
        "totalVacnacy": 74,
        "status": "後補"
    },
    {
        "guaranteed": false,
        "date": "2017/09/12",
        "price": 4133,
        "availableVancancy": 63,
        "totalVacnacy": 320,
        "status": "截止"
    },
    {
        "guaranteed": true,
        "date": "2017/03/28",
        "price": 54593,
        "availableVancancy": 94,
        "totalVacnacy": 430,
        "status": "報名"
    },
    {
        "guaranteed": false,
        "date": "2018/03/26",
        "price": 3457,
        "availableVancancy": 21,
        "totalVacnacy": 146,
        "status": "報名"
    },
    {
        "guaranteed": true,
        "date": "2017/05/06",
        "price": 33638,
        "availableVancancy": 41,
        "totalVacnacy": 132,
        "status": "截止"
    },
    {
        "guaranteed": false,
        "date": "2017/08/23",
        "price": 49982,
        "availableVancancy": 49,
        "totalVacnacy": 262,
        "status": "預定"
    },
    {
        "guaranteed": true,
        "date": "2018/01/07",
        "price": 98255,
        "availableVancancy": 98,
        "totalVacnacy": 418,
        "status": "預定"
    },
    {
        "guaranteed": true,
        "date": "2018/02/20",
        "price": 69912,
        "availableVancancy": 90,
        "totalVacnacy": 225,
        "status": "額滿"
    },
    {
        "guaranteed": true,
        "date": "2018/02/19",
        "price": 42004,
        "availableVancancy": 98,
        "totalVacnacy": 483,
        "status": "截止"
    },
    {
        "guaranteed": true,
        "date": "2018/11/20",
        "price": 56067,
        "availableVancancy": 78,
        "totalVacnacy": 132,
        "status": "額滿"
    },
    {
        "guaranteed": true,
        "date": "2017/04/17",
        "price": 57320,
        "availableVancancy": 32,
        "totalVacnacy": 255,
        "status": "後補"
    },
    {
        "guaranteed": true,
        "date": "2018/09/15",
        "price": 9215,
        "availableVancancy": 13,
        "totalVacnacy": 308,
        "status": "額滿"
    },
    {
        "guaranteed": false,
        "date": "2016/11/25",
        "price": 5734,
        "availableVancancy": 51,
        "totalVacnacy": 315,
        "status": "預定"
    },
    {
        "guaranteed": false,
        "date": "2017/11/24",
        "price": 82447,
        "availableVancancy": 80,
        "totalVacnacy": 336,
        "status": "報名"
    },
    {
        "guaranteed": false,
        "date": "2017/08/08",
        "price": 4747,
        "availableVancancy": 12,
        "totalVacnacy": 194,
        "status": "額滿"
    },
    {
        "guaranteed": false,
        "date": "2018/12/17",
        "price": 66716,
        "availableVancancy": 21,
        "totalVacnacy": 488,
        "status": "截止"
    },
    {
        "guaranteed": false,
        "date": "2017/09/14",
        "price": 88153,
        "availableVancancy": 25,
        "totalVacnacy": 156,
        "status": "後補"
    },
    {
        "guaranteed": true,
        "date": "2018/11/21",
        "price": 17617,
        "availableVancancy": 61,
        "totalVacnacy": 110,
        "status": "額滿"
    },
    {
        "guaranteed": true,
        "date": "2017/09/04",
        "price": 29321,
        "availableVancancy": 2,
        "totalVacnacy": 399,
        "status": "預定"
    },
    {
        "guaranteed": false,
        "date": "2017/10/27",
        "price": 1920,
        "availableVancancy": 57,
        "totalVacnacy": 140,
        "status": "額滿"
    },
    {
        "guaranteed": false,
        "date": "2018/11/20",
        "price": 37125,
        "availableVancancy": 78,
        "totalVacnacy": 211,
        "status": "報名"
    },
    {
        "guaranteed": false,
        "date": "2017/11/04",
        "price": 58280,
        "availableVancancy": 84,
        "totalVacnacy": 222,
        "status": "截止"
    },
    {
        "guaranteed": false,
        "date": "2018/03/08",
        "price": 86650,
        "availableVancancy": 32,
        "totalVacnacy": 446,
        "status": "截止"
    },
    {
        "guaranteed": true,
        "date": "2017/02/23",
        "price": 42493,
        "availableVancancy": 49,
        "totalVacnacy": 144,
        "status": "額滿"
    },
    {
        "guaranteed": false,
        "date": "2018/10/22",
        "price": 1525,
        "availableVancancy": 46,
        "totalVacnacy": 70,
        "status": "截止"
    },
    {
        "guaranteed": false,
        "date": "2016/11/30",
        "price": 72420,
        "availableVancancy": 17,
        "totalVacnacy": 235,
        "status": "截止"
    },
    {
        "guaranteed": true,
        "date": "2017/02/03",
        "price": 51016,
        "availableVancancy": 58,
        "totalVacnacy": 181,
        "status": "額滿"
    },
    {
        "guaranteed": true,
        "date": "2018/08/21",
        "price": 27359,
        "availableVancancy": 19,
        "totalVacnacy": 140,
        "status": "額滿"
    },
    {
        "guaranteed": true,
        "date": "2017/11/18",
        "price": 46431,
        "availableVancancy": 59,
        "totalVacnacy": 252,
        "status": "後補"
    },
    {
        "guaranteed": true,
        "date": "2017/03/28",
        "price": 90344,
        "availableVancancy": 35,
        "totalVacnacy": 313,
        "status": "額滿"
    },
    {
        "guaranteed": false,
        "date": "2018/02/19",
        "price": 41171,
        "availableVancancy": 26,
        "totalVacnacy": 52,
        "status": "截止"
    },
    {
        "guaranteed": false,
        "date": "2017/06/20",
        "price": 10697,
        "availableVancancy": 82,
        "totalVacnacy": 363,
        "status": "報名"
    },
    {
        "guaranteed": true,
        "date": "2018/04/16",
        "price": 39076,
        "availableVancancy": 60,
        "totalVacnacy": 415,
        "status": "報名"
    },
    {
        "guaranteed": true,
        "date": "2018/10/12",
        "price": 50419,
        "availableVancancy": 2,
        "totalVacnacy": 76,
        "status": "預定"
    },
    {
        "guaranteed": true,
        "date": "2018/01/31",
        "price": 46890,
        "availableVancancy": 4,
        "totalVacnacy": 140,
        "status": "截止"
    },
    {
        "guaranteed": true,
        "date": "2018/10/02",
        "price": 50033,
        "availableVancancy": 50,
        "totalVacnacy": 93,
        "status": "截止"
    },
    {
        "guaranteed": false,
        "date": "2018/10/13",
        "price": 33240,
        "availableVancancy": 10,
        "totalVacnacy": 423,
        "status": "截止"
    },
    {
        "guaranteed": false,
        "date": "2018/01/21",
        "price": 52141,
        "availableVancancy": 32,
        "totalVacnacy": 216,
        "status": "額滿"
    },
    {
        "guaranteed": true,
        "date": "2017/01/09",
        "price": 5784,
        "availableVancancy": 59,
        "totalVacnacy": 103,
        "status": "報名"
    },
    {
        "guaranteed": false,
        "date": "2017/10/23",
        "price": 71239,
        "availableVancancy": 36,
        "totalVacnacy": 242,
        "status": "額滿"
    },
    {
        "guaranteed": false,
        "date": "2018/01/30",
        "price": 75832,
        "availableVancancy": 56,
        "totalVacnacy": 66,
        "status": "報名"
    },
    {
        "guaranteed": true,
        "date": "2018/09/25",
        "price": 59302,
        "availableVancancy": 58,
        "totalVacnacy": 265,
        "status": "額滿"
    },
    {
        "guaranteed": false,
        "date": "2017/11/17",
        "price": 46694,
        "availableVancancy": 7,
        "totalVacnacy": 413,
        "status": "截止"
    },
    {
        "guaranteed": false,
        "date": "2017/12/14",
        "price": 63170,
        "availableVancancy": 10,
        "totalVacnacy": 399,
        "status": "截止"
    },
    {
        "guaranteed": true,
        "date": "2018/06/20",
        "price": 30989,
        "availableVancancy": 89,
        "totalVacnacy": 300,
        "status": "後補"
    },
    {
        "guaranteed": true,
        "date": "2017/09/05",
        "price": 18602,
        "availableVancancy": 40,
        "totalVacnacy": 243,
        "status": "後補"
    },
    {
        "guaranteed": true,
        "date": "2018/12/28",
        "price": 56852,
        "availableVancancy": 57,
        "totalVacnacy": 87,
        "status": "額滿"
    },
    {
        "guaranteed": false,
        "date": "2018/11/21",
        "price": 68451,
        "availableVancancy": 47,
        "totalVacnacy": 151,
        "status": "額滿"
    },
    {
        "guaranteed": false,
        "date": "2018/06/25",
        "price": 55728,
        "availableVancancy": 73,
        "totalVacnacy": 106,
        "status": "預定"
    },
    {
        "guaranteed": false,
        "date": "2017/06/24",
        "price": 85649,
        "availableVancancy": 18,
        "totalVacnacy": 305,
        "status": "預定"
    },
    {
        "guaranteed": true,
        "date": "2017/07/19",
        "price": 11147,
        "availableVancancy": 61,
        "totalVacnacy": 140,
        "status": "額滿"
    },
    {
        "guaranteed": true,
        "date": "2018/12/15",
        "price": 93309,
        "availableVancancy": 90,
        "totalVacnacy": 446,
        "status": "後補"
    },
    {
        "guaranteed": true,
        "date": "2017/03/06",
        "price": 37891,
        "availableVancancy": 47,
        "totalVacnacy": 354,
        "status": "額滿"
    },
    {
        "guaranteed": false,
        "date": "2018/08/14",
        "price": 15986,
        "availableVancancy": 25,
        "totalVacnacy": 280,
        "status": "額滿"
    },
    {
        "guaranteed": true,
        "date": "2018/12/09",
        "price": 5566,
        "availableVancancy": 23,
        "totalVacnacy": 117,
        "status": "額滿"
    },
    {
        "guaranteed": true,
        "date": "2017/11/21",
        "price": 26585,
        "availableVancancy": 63,
        "totalVacnacy": 229,
        "status": "後補"
    },
    {
        "guaranteed": true,
        "date": "2018/07/31",
        "price": 24565,
        "availableVancancy": 37,
        "totalVacnacy": 203,
        "status": "後補"
    },
    {
        "guaranteed": false,
        "date": "2018/06/20",
        "price": 31589,
        "availableVancancy": 7,
        "totalVacnacy": 16,
        "status": "預定"
    },
    {
        "guaranteed": true,
        "date": "2017/12/18",
        "price": 28291,
        "availableVancancy": 52,
        "totalVacnacy": 278,
        "status": "額滿"
    },
    {
        "guaranteed": true,
        "date": "2018/02/27",
        "price": 31398,
        "availableVancancy": 20,
        "totalVacnacy": 417,
        "status": "報名"
    },
    {
        "guaranteed": false,
        "date": "2017/12/18",
        "price": 55201,
        "availableVancancy": 61,
        "totalVacnacy": 62,
        "status": "後補"
    },
    {
        "guaranteed": false,
        "date": "2017/11/19",
        "price": 78689,
        "availableVancancy": 47,
        "totalVacnacy": 176,
        "status": "後補"
    },
    {
        "guaranteed": false,
        "date": "2018/05/08",
        "price": 5417,
        "availableVancancy": 60,
        "totalVacnacy": 450,
        "status": "預定"
    },
    {
        "guaranteed": false,
        "date": "2018/06/01",
        "price": 32156,
        "availableVancancy": 77,
        "totalVacnacy": 423,
        "status": "預定"
    },
    {
        "guaranteed": true,
        "date": "2017/12/14",
        "price": 92280,
        "availableVancancy": 18,
        "totalVacnacy": 6,
        "status": "報名"
    },
    {
        "guaranteed": true,
        "date": "2018/04/16",
        "price": 99593,
        "availableVancancy": 98,
        "totalVacnacy": 461,
        "status": "截止"
    }
]